Stkcd,Rptdt,Fenddt,Ananm,Brokern,Feps
1,2014/12/1,2014/12/31,"肖立强,邹添杰,许荣聪",招商证券股份有限公司,1.68
1,2014/12/1,2015/12/31,"肖立强,邹添杰,许荣聪",招商证券股份有限公司,1.98
1,2014/12/1,2016/12/31,"肖立强,邹添杰,许荣聪",招商证券股份有限公司,2.26
1,2014/10/25,2014/12/31,林媛媛,海通证券股份有限公司,1.65
1,2014/10/25,2015/12/31,林媛媛,海通证券股份有限公司,1.93
1,2014/10/24,2014/12/31,孙洁妮,中银国际证券有限责任公司,
1,2014/10/24,2015/12/31,孙洁妮,中银国际证券有限责任公司,
1,2014/10/24,2016/12/31,孙洁妮,中银国际证券有限责任公司,
1,2014/10/24,2014/12/31,杨荣,中信建投证券股份有限公司,1.74
1,2014/10/24,2014/12/31,郑春明,群益证券(香港)有限公司,1.73
1,2014/10/24,2015/12/31,郑春明,群益证券(香港)有限公司,1.84
1,2014/10/24,2014/12/31,于娃丽,中国民族证券有限责任公司,1.68
1,2014/10/24,2015/12/31,于娃丽,中国民族证券有限责任公司,1.94
1,2014/10/24,2016/12/31,于娃丽,中国民族证券有限责任公司,2.22
1,2014/10/24,2014/12/31,唐亚韫,东北证券股份有限公司,1.64
1,2014/10/24,2015/12/31,唐亚韫,东北证券股份有限公司,1.9
1,2014/10/24,2016/12/31,唐亚韫,东北证券股份有限公司,2.24
1,2014/10/24,2014/12/31,屈俊,长城证券有限责任公司,1.7
1,2014/10/24,2015/12/31,屈俊,长城证券有限责任公司,2.12
1,2014/10/24,2014/12/31,邹恒超,民生证券股份有限公司,1.55
1,2014/10/24,2015/12/31,邹恒超,民生证券股份有限公司,1.89
1,2014/10/24,2014/12/31,"黄洁,毛军华",中国国际金融有限公司,1.67
1,2014/10/24,2015/12/31,"黄洁,毛军华",中国国际金融有限公司,1.99
1,2014/10/24,2015/12/31,陆怡雯,申银万国证券股份有限公司,1.83
1,2014/10/24,2016/12/31,陆怡雯,申银万国证券股份有限公司,2.35
1,2014/10/24,2014/12/31,陆怡雯,申银万国证券股份有限公司,1.55
1,2014/10/24,2014/12/31,"邱冠华,赵欣茹,黄春逢",国泰君安证券股份有限公司,1.71
1,2014/10/24,2015/12/31,"邱冠华,赵欣茹,黄春逢",国泰君安证券股份有限公司,2.15
1,2014/10/24,2016/12/31,"邱冠华,赵欣茹,黄春逢",国泰君安证券股份有限公司,2.68
1,2014/10/24,2014/12/31,邓茂,东莞证券有限责任公司,1.72
1,2014/10/24,2015/12/31,邓茂,东莞证券有限责任公司,1.95
1,2014/10/23,2014/12/31,"肖立强,邹添杰",招商证券股份有限公司,1.71
1,2014/10/23,2015/12/31,"肖立强,邹添杰",招商证券股份有限公司,2.15
1,2014/10/23,2016/12/31,"肖立强,邹添杰",招商证券股份有限公司,2.62
1,2014/10/23,2014/12/31,"吴畏,傅慧芳",兴业证券股份有限公司,1.64
1,2014/10/23,2015/12/31,"吴畏,傅慧芳",兴业证券股份有限公司,2.05
1,2014/10/23,2014/12/31,马鲲鹏,国金证券股份有限公司,1.52
1,2014/10/23,2015/12/31,马鲲鹏,国金证券股份有限公司,1.84
1,2014/10/23,2016/12/31,马鲲鹏,国金证券股份有限公司,2.2
1,2014/10/23,2014/12/31,王剑,光大证券股份有限公司,1.53
1,2014/10/23,2015/12/31,王剑,光大证券股份有限公司,1.89
1,2014/10/23,2016/12/31,王剑,光大证券股份有限公司,2.18
1,2014/10/23,2014/12/31,罗毅,华泰证券股份有限公司,1.77
1,2014/10/23,2015/12/31,罗毅,华泰证券股份有限公司,2.22
1,2014/10/23,2016/12/31,罗毅,华泰证券股份有限公司,2.6
1,2014/10/23,2014/12/31,张继袖,渤海证券股份有限公司,1.73
1,2014/10/23,2015/12/31,张继袖,渤海证券股份有限公司,2.07
1,2014/10/23,2016/12/31,张继袖,渤海证券股份有限公司,2.46
1,2014/10/23,2014/12/31,王一川,长江证券股份有限公司,1.74
1,2014/10/23,2015/12/31,王一川,长江证券股份有限公司,2.19
1,2014/10/23,2014/12/31,"李南,马宁,吴双",北京高华证券有限责任公司,1.68
1,2014/10/23,2015/12/31,"李南,马宁,吴双",北京高华证券有限责任公司,1.89
1,2014/10/23,2016/12/31,"李南,马宁,吴双",北京高华证券有限责任公司,2.08
1,2014/8/19,2014/12/31,李世新,国信证券股份有限公司,1.73
1,2014/8/19,2015/12/31,李世新,国信证券股份有限公司,2.22
1,2014/8/15,2014/12/31,许敏敏,安信证券股份有限公司,1.87
1,2014/8/15,2015/12/31,许敏敏,安信证券股份有限公司,2.47
1,2014/8/15,2016/12/31,许敏敏,安信证券股份有限公司,3.36
1,2014/8/14,2014/12/31,郑春明,群益证券(香港)有限公司,1.6
1,2014/8/14,2015/12/31,郑春明,群益证券(香港)有限公司,1.7
1,2014/8/14,2014/12/31,邹恒超,民生证券股份有限公司,1.54
1,2014/8/14,2015/12/31,邹恒超,民生证券股份有限公司,1.88
1,2014/8/14,2014/12/31,陆怡雯,申银万国证券股份有限公司,1.55
1,2014/8/14,2015/12/31,陆怡雯,申银万国证券股份有限公司,1.82
1,2014/8/14,2016/12/31,陆怡雯,申银万国证券股份有限公司,2.15
1,2014/8/14,2014/12/31,于娃丽,中国民族证券有限责任公司,1.68
1,2014/8/14,2015/12/31,于娃丽,中国民族证券有限责任公司,1.94
1,2014/8/14,2016/12/31,于娃丽,中国民族证券有限责任公司,2.22
1,2014/8/14,2014/12/31,黄飙,长城证券有限责任公司,1.7
1,2014/8/14,2015/12/31,黄飙,长城证券有限责任公司,2.12
1,2014/8/14,2014/12/31,林媛媛,海通证券股份有限公司,1.63
1,2014/8/14,2015/12/31,林媛媛,海通证券股份有限公司,1.9
1,2014/8/14,2014/12/31,"甘宗卫,翁睛晶",瑞银证券有限责任公司,1.61
1,2014/8/14,2015/12/31,"甘宗卫,翁睛晶",瑞银证券有限责任公司,1.94
1,2014/8/14,2016/12/31,"甘宗卫,翁睛晶",瑞银证券有限责任公司,2.3
1,2014/8/14,2017/12/31,"甘宗卫,翁睛晶",瑞银证券有限责任公司,2.72
1,2014/8/14,2018/12/31,"甘宗卫,翁睛晶",瑞银证券有限责任公司,3.24
1,2014/8/14,2014/12/31,唐亚韫,东北证券股份有限公司,1.64
1,2014/8/14,2015/12/31,唐亚韫,东北证券股份有限公司,1.9
1,2014/8/14,2016/12/31,唐亚韫,东北证券股份有限公司,2.24
1,2014/8/14,2014/12/31,"黄洁,毛军华",中国国际金融有限公司,1.67
1,2014/8/14,2015/12/31,"黄洁,毛军华",中国国际金融有限公司,1.99
1,2014/8/14,2014/12/31,"邱冠华,黄春逢,李晗",国泰君安证券股份有限公司,1.71
1,2014/8/14,2015/12/31,"邱冠华,黄春逢,李晗",国泰君安证券股份有限公司,2.15
1,2014/8/14,2016/12/31,"邱冠华,黄春逢,李晗",国泰君安证券股份有限公司,2.68
1,2014/8/13,2014/12/31,"李南,马宁,吴双",北京高华证券有限责任公司,1.68
1,2014/8/13,2016/12/31,"李南,马宁,吴双",北京高华证券有限责任公司,2.08
1,2014/8/13,2015/12/31,"李南,马宁,吴双",北京高华证券有限责任公司,1.89
1,2014/8/13,2014/12/31,王一川,长江证券股份有限公司,1.65
1,2014/8/13,2015/12/31,王一川,长江证券股份有限公司,2.1
1,2014/8/13,2014/12/31,"肖立强,邹添杰",招商证券股份有限公司,1.71
1,2014/8/13,2015/12/31,"肖立强,邹添杰",招商证券股份有限公司,2.15
1,2014/8/13,2016/12/31,"肖立强,邹添杰",招商证券股份有限公司,2.62
1,2014/8/13,2014/12/31,王剑,光大证券股份有限公司,1.53
1,2014/8/13,2015/12/31,王剑,光大证券股份有限公司,1.9
1,2014/8/13,2016/12/31,王剑,光大证券股份有限公司,2.25
1,2014/8/13,2014/12/31,罗毅,华泰证券股份有限公司,2.12
1,2014/8/13,2015/12/31,罗毅,华泰证券股份有限公司,2.66
1,2014/8/13,2016/12/31,罗毅,华泰证券股份有限公司,3.12
1,2014/7/21,2014/12/31,林媛媛,海通证券股份有限公司,1.63
1,2014/7/21,2015/12/31,林媛媛,海通证券股份有限公司,1.93
1,2014/7/20,2014/12/31,王剑,光大证券股份有限公司,1.5
1,2014/7/20,2015/12/31,王剑,光大证券股份有限公司,1.81
1,2014/7/20,2016/12/31,王剑,光大证券股份有限公司,2.21
1,2014/7/18,2014/12/31,郑春明,群益证券(香港)有限公司,1.6
1,2014/7/18,2015/12/31,郑春明,群益证券(香港)有限公司,1.7
1,2014/7/16,2014/12/31,杨荣,中信建投证券股份有限公司,1.9
1,2014/7/16,2014/12/31,邓茂,东莞证券有限责任公司,1.67
1,2014/7/16,2014/12/31,陆怡雯,申银万国证券股份有限公司,1.55
1,2014/7/16,2015/12/31,陆怡雯,申银万国证券股份有限公司,1.92
1,2014/7/16,2016/12/31,陆怡雯,申银万国证券股份有限公司,2.26
1,2014/7/16,2014/12/31,唐亚韫,东北证券股份有限公司,1.96
1,2014/7/16,2015/12/31,唐亚韫,东北证券股份有限公司,2.28
1,2014/7/16,2016/12/31,唐亚韫,东北证券股份有限公司,2.69
1,2014/7/16,2014/12/31,"黄洁,毛军华",中国国际金融有限公司,1.67
1,2014/7/16,2015/12/31,"黄洁,毛军华",中国国际金融有限公司,2.01
1,2014/7/15,2014/12/31,许敏敏,安信证券股份有限公司,1.87
1,2014/7/15,2015/12/31,许敏敏,安信证券股份有限公司,2.47
1,2014/7/15,2016/12/31,许敏敏,安信证券股份有限公司,3.36
1,2014/7/15,2014/12/31,王一川,长江证券股份有限公司,1.69
1,2014/7/15,2015/12/31,王一川,长江证券股份有限公司,2.06
1,2014/7/15,2014/12/31,"肖立强,邹添杰",招商证券股份有限公司,1.56
1,2014/7/15,2015/12/31,"肖立强,邹添杰",招商证券股份有限公司,1.97
1,2014/7/15,2016/12/31,"肖立强,邹添杰",招商证券股份有限公司,2.4
1,2014/7/15,2014/12/31,"甘宗卫,翁睛晶",瑞银证券有限责任公司,1.59
1,2014/7/15,2015/12/31,"甘宗卫,翁睛晶",瑞银证券有限责任公司,1.86
1,2014/7/15,2016/12/31,"甘宗卫,翁睛晶",瑞银证券有限责任公司,2.18
1,2014/7/15,2017/12/31,"甘宗卫,翁睛晶",瑞银证券有限责任公司,2.56
1,2014/7/15,2018/12/31,"甘宗卫,翁睛晶",瑞银证券有限责任公司,3.04
1,2014/7/15,2014/12/31,"邱冠华,黄春逢,李晗",国泰君安证券股份有限公司,1.71
1,2014/7/15,2015/12/31,"邱冠华,黄春逢,李晗",国泰君安证券股份有限公司,2.15
1,2014/7/15,2016/12/31,"邱冠华,黄春逢,李晗",国泰君安证券股份有限公司,2.68
1,2014/7/15,2014/12/31,"吴畏,傅慧芳",兴业证券股份有限公司,1.59
1,2014/7/15,2015/12/31,"吴畏,傅慧芳",兴业证券股份有限公司,2.02
1,2014/4/24,2016/12/31,于娃丽,中国民族证券有限责任公司,2.67
1,2014/4/24,2014/12/31,沐华,广发证券股份有限公司,1.97
1,2014/4/24,2014/12/31,黄飙,长城证券有限责任公司,1.93
1,2014/4/24,2015/12/31,黄飙,长城证券有限责任公司,2.23
1,2014/4/24,2014/12/31,郑春明,群益证券(香港)有限公司,1.93
1,2014/4/24,2015/12/31,郑春明,群益证券(香港)有限公司,2.18
1,2014/4/24,2014/12/31,刘俊,长江证券股份有限公司,1.93
1,2014/4/24,2015/12/31,刘俊,长江证券股份有限公司,2.21
1,2014/4/24,2014/12/31,林媛媛,海通证券股份有限公司,1.96
1,2014/4/24,2015/12/31,林媛媛,海通证券股份有限公司,2.31
1,2014/4/24,2015/12/31,于娃丽,中国民族证券有限责任公司,2.33
1,2014/4/24,2014/12/31,"甘宗卫,翁睛晶",瑞银证券有限责任公司,1.9
1,2014/4/24,2016/12/31,"甘宗卫,翁睛晶",瑞银证券有限责任公司,2.62
1,2014/4/24,2016/12/31,"李南,马宁",北京高华证券有限责任公司,2.74
1,2014/4/24,2015/12/31,"李南,马宁",北京高华证券有限责任公司,2.38
1,2014/4/24,2016/12/31,"朱琰,肖斐斐,向启",中信证券股份有限公司,2.52
1,2014/4/24,2014/12/31,"朱琰,肖斐斐,向启",中信证券股份有限公司,1.97
1,2014/4/24,2016/12/31,许敏敏,安信证券股份有限公司,3.72
1,2014/4/24,2014/12/31,许敏敏,安信证券股份有限公司,2.14
1,2014/4/24,2015/12/31,许敏敏,安信证券股份有限公司,2.76
1,2014/4/24,2015/12/31,"朱琰,肖斐斐,向启",中信证券股份有限公司,2.28
1,2014/4/24,2015/12/31,王轶,东方证券股份有限公司,2.2
1,2014/4/24,2016/12/31,王轶,东方证券股份有限公司,2.54
1,2014/4/24,2014/12/31,王轶,东方证券股份有限公司,1.92
1,2014/4/24,2014/12/31,"黄洁,毛军华",中国国际金融有限公司,2
1,2014/4/24,2015/12/31,"黄洁,毛军华",中国国际金融有限公司,2.41
1,2014/4/24,2014/12/31,"李南,马宁",北京高华证券有限责任公司,1.95
1,2014/4/24,2018/12/31,"甘宗卫,翁睛晶",瑞银证券有限责任公司,3.65
1,2014/4/24,2017/12/31,"甘宗卫,翁睛晶",瑞银证券有限责任公司,3.07
1,2014/4/24,2014/12/31,陆怡雯,申银万国证券股份有限公司,2.02
1,2014/4/24,2015/12/31,"甘宗卫,翁睛晶",瑞银证券有限责任公司,2.23
1,2014/4/24,2015/12/31,陆怡雯,申银万国证券股份有限公司,2.47
1,2014/4/24,2015/12/31,唐亚韫,东北证券股份有限公司,2.28
1,2014/4/24,2014/12/31,邓茂,东莞证券有限责任公司,2.04
1,2014/4/24,2014/12/31,于娃丽,中国民族证券有限责任公司,2.02
1,2014/4/24,2016/12/31,唐亚韫,东北证券股份有限公司,2.69
1,2014/4/24,2014/12/31,唐亚韫,东北证券股份有限公司,1.96
1,2014/4/23,2015/12/31,"肖立强,邹添杰",招商证券股份有限公司,2.58
1,2014/4/23,2014/12/31,"肖立强,邹添杰",招商证券股份有限公司,2.05
1,2014/4/23,2014/12/31,"邱冠华,黄春逢,李晗",国泰君安证券股份有限公司,2.05
1,2014/4/23,2016/12/31,"邱冠华,黄春逢,李晗",国泰君安证券股份有限公司,3.22
1,2014/4/23,2015/12/31,"邱冠华,黄春逢,李晗",国泰君安证券股份有限公司,2.58
1,2014/4/23,2016/12/31,陈福,华泰证券股份有限公司,3.2
1,2014/4/23,2015/12/31,陈福,华泰证券股份有限公司,2.66
1,2014/4/23,2014/12/31,陈福,华泰证券股份有限公司,2.12
1,2014/4/23,2016/12/31,"肖立强,邹添杰",招商证券股份有限公司,3.15
1,2014/3/11,2018/12/31,"甘宗卫,翁睛晶",瑞银证券有限责任公司,3.65
1,2014/3/11,2017/12/31,"甘宗卫,翁睛晶",瑞银证券有限责任公司,3.07
1,2014/3/11,2016/12/31,"甘宗卫,翁睛晶",瑞银证券有限责任公司,2.62
1,2014/3/11,2015/12/31,"甘宗卫,翁睛晶",瑞银证券有限责任公司,2.23
1,2014/3/11,2013/12/31,"甘宗卫,翁睛晶",瑞银证券有限责任公司,1.86
1,2014/3/11,2014/12/31,"甘宗卫,翁睛晶",瑞银证券有限责任公司,1.9
1,2014/3/7,2014/12/31,黄飙,长城证券有限责任公司,1.69
1,2014/3/7,2013/12/31,郑春明,群益证券(香港)有限公司,1.86
1,2014/3/7,2014/12/31,"黄洁,毛军华",中国国际金融有限公司,1.99
1,2014/3/7,2016/12/31,王轶,东方证券股份有限公司,2.5
1,2014/3/7,2015/12/31,"黄洁,毛军华",中国国际金融有限公司,2.36
1,2014/3/7,2013/12/31,王轶,东方证券股份有限公司,1.6
1,2014/3/7,2015/12/31,"李南,马宁",北京高华证券有限责任公司,2.38
1,2014/3/7,2014/12/31,"李南,马宁",北京高华证券有限责任公司,1.95
1,2014/3/7,2016/12/31,"李南,马宁",北京高华证券有限责任公司,2.74
1,2014/3/7,2013/12/31,"李南,马宁",北京高华证券有限责任公司,1.71
1,2014/3/7,2015/12/31,唐亚韫,东北证券股份有限公司,2.28
1,2014/3/7,2016/12/31,刘志成,中银国际证券有限责任公司,2.08
1,2014/3/7,2014/12/31,刘志成,中银国际证券有限责任公司,1.77
1,2014/3/7,2015/12/31,"林媛媛,刘瑞",海通证券股份有限公司,2.22
1,2014/3/7,2013/12/31,刘志成,中银国际证券有限责任公司,1.6
1,2014/3/7,2013/12/31,唐亚韫,东北证券股份有限公司,1.86
1,2014/3/7,2013/12/31,"林媛媛,刘瑞",海通证券股份有限公司,1.6
1,2014/3/7,2014/12/31,唐亚韫,东北证券股份有限公司,1.96
1,2014/3/7,2014/12/31,"林媛媛,刘瑞",海通证券股份有限公司,1.95
1,2014/3/7,2016/12/31,唐亚韫,东北证券股份有限公司,2.69
1,2014/3/7,2015/12/31,刘志成,中银国际证券有限责任公司,1.92
1,2014/3/7,2015/12/31,王剑,浙商证券股份有限公司,1.76
1,2014/3/7,2014/12/31,王剑,浙商证券股份有限公司,1.86
1,2014/3/7,2013/12/31,王剑,浙商证券股份有限公司,1.86
1,2014/3/7,2014/12/31,郑春明,群益证券(香港)有限公司,1.54
1,2014/3/7,2016/12/31,许敏敏,安信证券股份有限公司,3.49
1,2014/3/7,2014/12/31,许敏敏,安信证券股份有限公司,1.98
1,2014/3/7,2013/12/31,陆怡雯,申银万国证券股份有限公司,1.86
1,2014/3/7,2014/12/31,沐华,广发证券股份有限公司,1.75
1,2014/3/7,2015/12/31,郑春明,群益证券(香港)有限公司,1.72
1,2014/3/7,2014/12/31,杨荣,中信建投证券股份有限公司,1.89
1,2014/3/7,2015/12/31,许敏敏,安信证券股份有限公司,2.52
1,2014/3/7,2013/12/31,许敏敏,安信证券股份有限公司,1.6
1,2014/3/7,2013/12/31,杨荣,中信建投证券股份有限公司,1.6
1,2014/3/7,2015/12/31,陆怡雯,申银万国证券股份有限公司,1.98
1,2014/3/7,2014/12/31,陆怡雯,申银万国证券股份有限公司,1.66
1,2014/3/7,2015/12/31,黄飙,长城证券有限责任公司,1.87
1,2014/3/7,2013/12/31,黄飙,长城证券有限责任公司,1.6
1,2014/3/7,2014/12/31,邹恒超,民生证券股份有限公司,1.67
1,2014/3/7,2015/12/31,邹恒超,民生证券股份有限公司,2.03
1,2014/3/7,2014/12/31,"朱琰,肖斐斐,王一峰,向启",中信证券股份有限公司,1.84
1,2014/3/7,2015/12/31,"朱琰,肖斐斐,王一峰,向启",中信证券股份有限公司,2.09
1,2014/3/7,2013/12/31,"朱琰,肖斐斐,王一峰,向启",中信证券股份有限公司,1.6
1,2014/3/7,2015/12/31,王轶,东方证券股份有限公司,2.18
1,2014/3/7,2014/12/31,王轶,东方证券股份有限公司,1.88
1,2014/3/7,2013/12/31,"邱冠华,李晗,黄春逢",国泰君安证券股份有限公司,1.6
1,2014/3/7,2016/12/31,"邱冠华,李晗,黄春逢",国泰君安证券股份有限公司,3.04
1,2014/3/7,2015/12/31,"邱冠华,李晗,黄春逢",国泰君安证券股份有限公司,2.47
1,2014/3/7,2014/12/31,"邱冠华,李晗,黄春逢",国泰君安证券股份有限公司,2
1,2014/3/7,2013/12/31,"黄洁,毛军华",中国国际金融有限公司,1.6
1,2014/3/6,2013/12/31,"甘宗卫,翁睛晶",瑞银证券有限责任公司,1.86
1,2014/3/6,2014/12/31,"吴畏,傅慧芳",兴业证券股份有限公司,1.55
1,2014/3/6,2016/12/31,"甘宗卫,翁睛晶",瑞银证券有限责任公司,2.92
1,2014/3/6,2014/12/31,"甘宗卫,翁睛晶",瑞银证券有限责任公司,2.17
1,2014/3/6,2014/12/31,刘俊,长江证券股份有限公司,1.93
1,2014/3/6,2015/12/31,刘俊,长江证券股份有限公司,2.21
1,2014/3/6,2014/12/31,"肖立强,罗毅",招商证券股份有限公司,1.98
1,2014/3/6,2015/12/31,"吴畏,傅慧芳",兴业证券股份有限公司,1.81
1,2014/3/6,2013/12/31,"肖立强,罗毅",招商证券股份有限公司,1.6
1,2014/3/6,2015/12/31,"甘宗卫,翁睛晶",瑞银证券有限责任公司,2.51
1,2014/3/6,2017/12/31,"甘宗卫,翁睛晶",瑞银证券有限责任公司,3.43
1,2014/3/6,2013/12/31,"吴畏,傅慧芳",兴业证券股份有限公司,1.86
1,2014/3/6,2015/12/31,"肖立强,罗毅",招商证券股份有限公司,2.38
1,2014/2/18,2015/12/31,"许国玉,赵永清",华泰证券股份有限公司,2.55
1,2014/2/18,2014/12/31,"许国玉,赵永清",华泰证券股份有限公司,2.18
1,2014/2/18,2013/12/31,"许国玉,赵永清",华泰证券股份有限公司,1.92
1,2014/1/7,2014/12/31,王剑,浙商证券股份有限公司,2.07
1,2014/1/7,2013/12/31,王剑,浙商证券股份有限公司,1.9
1,2014/1/1,2013/12/31,"肖立强,罗毅,邹添杰",招商证券股份有限公司,1.62
1,2014/1/1,2015/12/31,"肖立强,罗毅,邹添杰",招商证券股份有限公司,2.39
1,2014/1/1,2014/12/31,"肖立强,罗毅,邹添杰",招商证券股份有限公司,2.01
1,2013/12/31,2013/12/31,"吴畏,傅慧芳",兴业证券股份有限公司,1.61
1,2013/12/31,2014/12/31,"吴畏,傅慧芳",兴业证券股份有限公司,1.9
1,2013/12/16,2014/12/31,"李聪,曹恒乾,张黎",广发证券股份有限公司,4.47
1,2013/12/16,2013/12/31,"李聪,曹恒乾,张黎",广发证券股份有限公司,3.66
1,2013/12/16,2014/12/31,陆怡雯,申银万国证券股份有限公司,1.86
1,2013/12/16,2015/12/31,陆怡雯,申银万国证券股份有限公司,2.27
1,2013/12/16,2013/12/31,陆怡雯,申银万国证券股份有限公司,1.84
1,2013/12/15,2013/12/31,"肖立强,罗毅,邹添杰",招商证券股份有限公司,1.62
1,2013/12/15,2014/12/31,"肖立强,罗毅,邹添杰",招商证券股份有限公司,2.01
1,2013/12/15,2015/12/31,"肖立强,罗毅,邹添杰",招商证券股份有限公司,2.39
1,2013/12/15,2013/12/31,刘俊,长江证券股份有限公司,1.63
1,2013/12/15,2014/12/31,刘俊,长江证券股份有限公司,1.93
1,2013/11/21,2013/12/31,甘宗卫,瑞银证券有限责任公司,1.86
1,2013/11/21,2015/12/31,甘宗卫,瑞银证券有限责任公司,2.51
1,2013/11/21,2014/12/31,甘宗卫,瑞银证券有限责任公司,2.17
1,2013/11/15,2014/12/31,马宁,北京高华证券有限责任公司,2.28
1,2013/11/15,2013/12/31,马宁,北京高华证券有限责任公司,1.86
1,2013/11/15,2015/12/31,马宁,北京高华证券有限责任公司,2.67
1,2013/10/24,2013/12/31,"邱冠华,黄春逢,李晗",国泰君安证券股份有限公司,1.62
1,2013/10/24,2014/12/31,"邱冠华,黄春逢,李晗",国泰君安证券股份有限公司,2.01
1,2013/10/23,2014/12/31,"徐冰玉,陆怡雯",申银万国证券股份有限公司,2.15
1,2013/10/23,2013/12/31,"徐冰玉,陆怡雯",申银万国证券股份有限公司,1.85
1,2013/10/23,2014/12/31,杨荣,中信建投证券股份有限公司,1.98
1,2013/10/23,2014/12/31,"戴志锋,林媛媛,刘瑞",海通证券股份有限公司,2.28
1,2013/10/23,2013/12/31,"戴志锋,林媛媛,刘瑞",海通证券股份有限公司,1.88
1,2013/10/23,2015/12/31,唐亚韫,东北证券股份有限公司,2.33
1,2013/10/23,2013/12/31,"邱冠华,李晗,黄春逢",国泰君安证券股份有限公司,1.62
1,2013/10/23,2014/12/31,"邱冠华,李晗,黄春逢",国泰君安证券股份有限公司,2.01
1,2013/10/23,2013/12/31,金麟,东方证券股份有限公司,1.86
1,2013/10/23,2014/12/31,金麟,东方证券股份有限公司,2.53
1,2013/10/23,2015/12/31,金麟,东方证券股份有限公司,3.06
1,2013/10/23,2013/12/31,黄洁,中国国际金融有限公司,1.65
1,2013/10/23,2014/12/31,黄洁,中国国际金融有限公司,1.94
1,2013/10/23,2013/12/31,唐亚韫,东北证券股份有限公司,1.84
1,2013/10/23,2013/12/31,黄飙,长城证券有限责任公司,1.93
1,2013/10/23,2014/12/31,黄飙,长城证券有限责任公司,2.08
1,2013/10/23,2013/12/31,"邹恒超,张丽",民生证券股份有限公司,1.53
1,2013/10/23,2014/12/31,"邹恒超,张丽",民生证券股份有限公司,1.99
1,2013/10/23,2013/12/31,程娇翼,齐鲁证券有限公司,1.62
1,2013/10/23,2014/12/31,程娇翼,齐鲁证券有限公司,1.99
1,2013/10/23,2015/12/31,程娇翼,齐鲁证券有限公司,2.38
1,2013/10/23,2013/12/31,王剑,浙商证券股份有限公司,2.92
1,2013/10/23,2014/12/31,王剑,浙商证券股份有限公司,1.89
1,2013/10/23,2013/12/31,邓茂,东莞证券有限责任公司,1.9
1,2013/10/23,2013/12/31,黄斌辉,中国银河证券股份有限公司,1.55
1,2013/10/23,2014/12/31,黄斌辉,中国银河证券股份有限公司,1.88
1,2013/10/23,2015/12/31,黄斌辉,中国银河证券股份有限公司,2.46
1,2013/10/23,2013/12/31,杨荣,中信建投证券股份有限公司,1.64
1,2013/10/23,2014/12/31,唐亚韫,东北证券股份有限公司,1.95
1,2013/10/22,2013/12/31,许敏敏,安信证券股份有限公司,2.33
1,2013/10/22,2014/12/31,许敏敏,安信证券股份有限公司,2.5
1,2013/10/22,2015/12/31,许敏敏,安信证券股份有限公司,2.81
1,2013/10/22,2013/12/31,甘宗卫,瑞银证券有限责任公司,1.8
1,2013/10/22,2014/12/31,甘宗卫,瑞银证券有限责任公司,2.05
1,2013/10/22,2015/12/31,甘宗卫,瑞银证券有限责任公司,2.35
1,2013/10/22,2013/12/31,刘俊,长江证券股份有限公司,1.88
1,2013/10/22,2014/12/31,刘俊,长江证券股份有限公司,2.26
1,2013/10/22,2013/12/31,"肖立强,罗毅,邹添杰",招商证券股份有限公司,1.62
1,2013/10/22,2014/12/31,"肖立强,罗毅,邹添杰",招商证券股份有限公司,2.01
1,2013/10/22,2015/12/31,"肖立强,罗毅,邹添杰",招商证券股份有限公司,2.54
1,2013/10/22,2015/12/31,"许国玉,赵永清",华泰证券股份有限公司,2.55
1,2013/10/22,2014/12/31,"许国玉,赵永清",华泰证券股份有限公司,2.18
1,2013/10/22,2013/12/31,"许国玉,赵永清",华泰证券股份有限公司,1.92
1,2013/10/22,2013/12/31,"吴畏,傅慧芳",兴业证券股份有限公司,1.63
1,2013/10/22,2014/12/31,"吴畏,傅慧芳",兴业证券股份有限公司,1.88
1,2013/10/22,2013/12/31,马宁,北京高华证券有限责任公司,1.75
1,2013/10/22,2014/12/31,马宁,北京高华证券有限责任公司,1.96
1,2013/10/22,2015/12/31,马宁,北京高华证券有限责任公司,2.16
1,2013/9/9,2013/12/31,孙旭,瑞银证券有限责任公司,1.8
1,2013/9/9,2014/12/31,孙旭,瑞银证券有限责任公司,2.05
1,2013/9/9,2015/12/31,孙旭,瑞银证券有限责任公司,2.35
1,2013/9/9,2013/12/31,金麟,东方证券股份有限公司,1.92
1,2013/9/9,2014/12/31,金麟,东方证券股份有限公司,2.42
1,2013/9/9,2015/12/31,金麟,东方证券股份有限公司,2.93
1,2013/9/9,2013/12/31,"倪军,陆怡雯",申银万国证券股份有限公司,1.82
1,2013/9/9,2014/12/31,"倪军,陆怡雯",申银万国证券股份有限公司,1.83
1,2013/9/9,2013/12/31,黄飙,长城证券有限责任公司,1.64
1,2013/9/9,2014/12/31,黄飙,长城证券有限责任公司,1.84
1,2013/9/9,2013/12/31,"许国玉,赵永清",华泰证券股份有限公司,1.92
1,2013/9/9,2014/12/31,"许国玉,赵永清",华泰证券股份有限公司,2.18
1,2013/9/9,2015/12/31,"许国玉,赵永清",华泰证券股份有限公司,2.55
1,2013/9/9,2013/12/31,唐亚韫,东北证券股份有限公司,1.58
1,2013/9/9,2014/12/31,唐亚韫,东北证券股份有限公司,1.95
1,2013/9/9,2015/12/31,唐亚韫,东北证券股份有限公司,2.33
1,2013/9/9,2013/12/31,许敏敏,安信证券股份有限公司,2.33
1,2013/9/9,2014/12/31,许敏敏,安信证券股份有限公司,2.5
1,2013/9/9,2015/12/31,许敏敏,安信证券股份有限公司,2.81
1,2013/9/7,2013/12/31,"肖立强,罗毅,邹添杰",招商证券股份有限公司,1.62
1,2013/9/7,2014/12/31,"肖立强,罗毅,邹添杰",招商证券股份有限公司,2.01
1,2013/9/7,2015/12/31,"肖立强,罗毅,邹添杰",招商证券股份有限公司,2.54
1,2013/8/24,2013/12/31,许敏敏,安信证券股份有限公司,2.94
1,2013/8/24,2014/12/31,许敏敏,安信证券股份有限公司,3.15
1,2013/8/24,2015/12/31,许敏敏,安信证券股份有限公司,3.54
1,2013/8/23,2014/12/31,戴方,浙商证券股份有限公司,1.76
1,2013/8/23,2013/12/31,孙旭,瑞银证券有限责任公司,1.8
1,2013/8/23,2014/12/31,孙旭,瑞银证券有限责任公司,2.05
1,2013/8/23,2015/12/31,孙旭,瑞银证券有限责任公司,2.35
1,2013/8/23,2013/12/31,金麟,东方证券股份有限公司,1.92
1,2013/8/23,2014/12/31,金麟,东方证券股份有限公司,2.42
1,2013/8/23,2015/12/31,金麟,东方证券股份有限公司,2.93
1,2013/8/23,2013/12/31,沐华,广发证券股份有限公司,1.81
1,2013/8/23,2013/12/31,"邱冠华,黄春逢,李晗",国泰君安证券股份有限公司,1.48
1,2013/8/23,2014/12/31,"邱冠华,黄春逢,李晗",国泰君安证券股份有限公司,1.72
1,2013/8/23,2013/12/31,黄洁,中国国际金融有限公司,1.5
1,2013/8/23,2014/12/31,黄洁,中国国际金融有限公司,1.72
1,2013/8/23,2013/12/31,唐亚韫,东北证券股份有限公司,1.64
1,2013/8/23,2014/12/31,唐亚韫,东北证券股份有限公司,2.02
1,2013/8/23,2015/12/31,唐亚韫,东北证券股份有限公司,2.42
1,2013/8/23,2013/12/31,李少君,民生证券股份有限公司,1.52
1,2013/8/23,2014/12/31,李少君,民生证券股份有限公司,1.88
1,2013/8/23,2013/12/31,俞冲,广州广证恒生证券投资咨询有限公司,1.88
1,2013/8/23,2014/12/31,俞冲,广州广证恒生证券投资咨询有限公司,2.19
1,2013/8/23,2015/12/31,俞冲,广州广证恒生证券投资咨询有限公司,2.47
1,2013/8/23,2013/12/31,马宁,北京高华证券有限责任公司,1.75
1,2013/8/23,2014/12/31,马宁,北京高华证券有限责任公司,1.96
1,2013/8/23,2015/12/31,马宁,北京高华证券有限责任公司,2.16
1,2013/8/23,2013/12/31,戴方,浙商证券股份有限公司,2.85
1,2013/8/22,2013/12/31,贺国文,国金证券股份有限公司,1.534
1,2013/8/22,2014/12/31,贺国文,国金证券股份有限公司,1.866
1,2013/8/22,2014/12/31,"吴畏,傅慧芳",兴业证券股份有限公司,1.66
1,2013/8/22,2013/12/31,刘俊,长江证券股份有限公司,1.81
1,2013/8/22,2013/12/31,"吴畏,傅慧芳",兴业证券股份有限公司,1.49
1,2013/8/22,2014/12/31,刘俊,长江证券股份有限公司,2.06
1,2013/8/22,2014/12/31,"肖立强,罗毅",招商证券股份有限公司,1.89
1,2013/8/22,2015/12/31,"肖立强,罗毅",招商证券股份有限公司,2.39
1,2013/8/22,2013/12/31,"肖立强,罗毅",招商证券股份有限公司,1.53
1,2013/8/22,2013/12/31,"许国玉,赵永清",华泰证券股份有限公司,1.92
1,2013/8/22,2014/12/31,"许国玉,赵永清",华泰证券股份有限公司,2.18
1,2013/8/22,2015/12/31,"许国玉,赵永清",华泰证券股份有限公司,2.55
1,2013/4/24,2013/12/31,陈曦,中原证券股份有限公司,2.99
1,2013/4/24,2014/12/31,陈曦,中原证券股份有限公司,3.47
1,2013/4/24,2015/12/31,唐亚韫,东北证券股份有限公司,3.51
1,2013/4/24,2014/12/31,唐亚韫,东北证券股份有限公司,2.93
1,2013/4/24,2013/12/31,唐亚韫,东北证券股份有限公司,2.39
1,2013/4/24,2015/12/31,孙旭,瑞银证券有限责任公司,3.68
1,2013/4/24,2013/12/31,孙旭,瑞银证券有限责任公司,2.79
1,2013/4/24,2014/12/31,孙旭,瑞银证券有限责任公司,3.21
1,2013/4/24,2013/12/31,"邱冠华,李晗,黄春逢",国泰君安证券股份有限公司,1.59
1,2013/4/24,2013/12/31,邓茂,东莞证券有限责任公司,2.9
1,2013/4/24,2013/12/31,李少君,民生证券股份有限公司,1.61
1,2013/4/24,2014/12/31,李少君,民生证券股份有限公司,2.1
1,2013/4/24,2015/12/31,孙鹏,中银国际证券有限责任公司,2.53
1,2013/4/24,2014/12/31,孙鹏,中银国际证券有限责任公司,2.51
1,2013/4/24,2013/12/31,戴方,浙商证券股份有限公司,2.5
1,2013/4/24,2013/12/31,孙鹏,中银国际证券有限责任公司,2.36
1,2013/4/24,2014/12/31,戴方,浙商证券股份有限公司,1.84
1,2013/4/24,2013/12/31,黄斌辉,中国银河证券股份有限公司,2.89
1,2013/4/24,2014/12/31,黄斌辉,中国银河证券股份有限公司,3.42
1,2013/4/24,2015/12/31,黄斌辉,中国银河证券股份有限公司,4.02
1,2013/4/24,2013/12/31,"倪军,徐冰玉",申银万国证券股份有限公司,1.62
1,2013/4/24,2014/12/31,"倪军,徐冰玉",申银万国证券股份有限公司,1.89
1,2013/4/24,2013/12/31,"戴志锋,刘瑞",海通证券股份有限公司,2.45
1,2013/4/24,2014/12/31,"戴志锋,刘瑞",海通证券股份有限公司,2.79
1,2013/4/24,2013/12/31,金麟,东方证券股份有限公司,3.08
1,2013/4/24,2014/12/31,金麟,东方证券股份有限公司,3.88
1,2013/4/24,2015/12/31,金麟,东方证券股份有限公司,4.68
1,2013/4/24,2013/12/31,杨荣,中信建投证券股份有限公司,3.03
1,2013/4/23,2013/12/31,吴畏,兴业证券股份有限公司,2.33
1,2013/4/23,2014/12/31,吴畏,兴业证券股份有限公司,2.57
1,2013/4/23,2015/12/31,"肖立强,罗毅",招商证券股份有限公司,3.84
1,2013/4/23,2013/12/31,"肖立强,罗毅",招商证券股份有限公司,2.44
1,2013/4/23,2014/12/31,"肖立强,罗毅",招商证券股份有限公司,3.03
1,2013/4/23,2013/12/31,陈建刚,国金证券股份有限公司,1.534
1,2013/4/23,2014/12/31,陈建刚,国金证券股份有限公司,1.866
1,2013/4/23,2015/12/31,许敏敏,安信证券股份有限公司,3.55
1,2013/4/23,2013/12/31,许敏敏,安信证券股份有限公司,2.42
1,2013/4/23,2014/12/31,许敏敏,安信证券股份有限公司,2.91
1,2013/3/13,2013/12/31,唐亚韫,东北证券股份有限公司,2.39
1,2013/3/13,2014/12/31,唐亚韫,东北证券股份有限公司,2.93
1,2013/3/11,2013/12/31,"倪军,徐冰玉",申银万国证券股份有限公司,2.45
1,2013/3/11,2014/12/31,"倪军,徐冰玉",申银万国证券股份有限公司,3
1,2013/3/11,2013/12/31,黄飙,长城证券有限责任公司,3.07
1,2013/3/11,2014/12/31,黄飙,长城证券有限责任公司,3.59
1,2013/3/8,2012/12/31,邓茂,东莞证券有限责任公司,
1,2013/3/8,2013/12/31,邓茂,东莞证券有限责任公司,3.1
1,2013/3/8,2013/12/31,杨荣,中信建投证券股份有限公司,3.06
1,2013/3/8,2014/12/31,李少君,民生证券股份有限公司,2.1
1,2013/3/8,2013/12/31,李少君,民生证券股份有限公司,1.61
1,2013/3/8,2012/12/31,李少君,民生证券股份有限公司,2.62
1,2013/3/8,2012/12/31,戴方,浙商证券股份有限公司,2.62
1,2013/3/8,2014/12/31,唐亚韫,东北证券股份有限公司,2.93
1,2013/3/8,2013/12/31,黄飙,长城证券有限责任公司,1.69
1,2013/3/8,2014/12/31,黄飙,长城证券有限责任公司,1.98
1,2013/3/8,2012/12/31,"邱冠华,李晗,黄春逢",国泰君安证券股份有限公司,2.62
1,2013/3/8,2013/12/31,"邱冠华,李晗,黄春逢",国泰君安证券股份有限公司,1.59
1,2013/3/8,2013/12/31,金麟,东方证券股份有限公司,3.08
1,2013/3/8,2014/12/31,金麟,东方证券股份有限公司,3.88
1,2013/3/8,2015/12/31,金麟,东方证券股份有限公司,4.68
1,2013/3/8,2013/12/31,唐亚韫,东北证券股份有限公司,2.39
1,2013/3/8,2015/12/31,许敏敏,安信证券股份有限公司,
1,2013/3/8,2014/12/31,许敏敏,安信证券股份有限公司,
1,2013/3/8,2013/12/31,许敏敏,安信证券股份有限公司,
1,2013/3/8,2015/12/31,郭怡娴,中国银河证券股份有限公司,2.37
1,2013/3/8,2014/12/31,郭怡娴,中国银河证券股份有限公司,2.02
1,2013/3/8,2013/12/31,郭怡娴,中国银河证券股份有限公司,1.66
1,2013/3/8,2013/12/31,戴方,浙商证券股份有限公司,2.55
1,2013/3/8,2014/12/31,戴方,浙商证券股份有限公司,1.85
1,2013/3/8,2014/12/31,沐华,广发证券股份有限公司,1.94
1,2013/3/8,2013/12/31,沐华,广发证券股份有限公司,1.92
1,2013/3/8,2013/12/31,"许国玉,赵永清",华泰证券股份有限公司,3.1
1,2013/3/8,2014/12/31,"许国玉,赵永清",华泰证券股份有限公司,3.57
1,2013/3/8,2015/12/31,"许国玉,赵永清",华泰证券股份有限公司,4.12
1,2013/3/8,2013/12/31,"罗景,毛军华,季宇",中国国际金融有限公司,2.4
1,2013/3/8,2014/12/31,"罗景,毛军华,季宇",中国国际金融有限公司,2.75
1,2013/3/8,2012/12/31,孙旭,瑞银证券有限责任公司,2.5
1,2013/3/8,2013/12/31,孙旭,瑞银证券有限责任公司,2.79
1,2013/3/8,2014/12/31,孙旭,瑞银证券有限责任公司,3.21
1,2013/3/8,2012/12/31,"程博为,马宁",北京高华证券有限责任公司,2.64
1,2013/3/8,2013/12/31,"程博为,马宁",北京高华证券有限责任公司,2.92
1,2013/3/8,2014/12/31,"程博为,马宁",北京高华证券有限责任公司,3.35
1,2013/3/7,2013/12/31,周伟,方正证券股份有限公司,3.36
1,2013/3/7,2013/12/31,刘俊,长江证券股份有限公司,1.97
1,2013/3/7,2014/12/31,刘俊,长江证券股份有限公司,2.52
1,2013/3/7,2014/12/31,吴畏,兴业证券股份有限公司,3.62
1,2013/3/7,2013/12/31,吴畏,兴业证券股份有限公司,3.01
1,2013/3/7,2013/12/31,程娇翼,齐鲁证券有限公司,2.54
1,2013/3/7,2014/12/31,程娇翼,齐鲁证券有限公司,3.12
1,2013/3/7,2015/12/31,程娇翼,齐鲁证券有限公司,3.62
1,2013/3/7,2013/12/31,"肖立强,罗毅",招商证券股份有限公司,2.49
1,2013/3/7,2014/12/31,"肖立强,罗毅",招商证券股份有限公司,2.95
1,2013/3/7,2014/12/31,周伟,方正证券股份有限公司,4.25
1,2013/3/7,2013/12/31,沈维,光大证券股份有限公司,3.15
1,2013/3/7,2014/12/31,沈维,光大证券股份有限公司,4.02
1,2013/3/7,2015/12/31,沈维,光大证券股份有限公司,5.3
1,2013/3/7,2015/12/31,周伟,方正证券股份有限公司,5.07
1,2013/2/4,2012/12/31,孙旭,瑞银证券有限责任公司,2.5
1,2013/2/4,2013/12/31,孙旭,瑞银证券有限责任公司,2.79
1,2013/2/4,2014/12/31,孙旭,瑞银证券有限责任公司,3.21
1,2013/1/29,2014/12/31,唐亚韫,东北证券股份有限公司,2.43
1,2013/1/29,2013/12/31,唐亚韫,东北证券股份有限公司,2.21
1,2013/1/29,2012/12/31,唐亚韫,东北证券股份有限公司,2.5
1,2013/1/15,2014/12/31,孙旭,瑞银证券有限责任公司,3.19
1,2013/1/15,2012/12/31,孙旭,瑞银证券有限责任公司,2.5
1,2013/1/15,2013/12/31,孙旭,瑞银证券有限责任公司,2.79
1,2013/1/14,2014/12/31,"肖立强,罗毅",招商证券股份有限公司,2.81
1,2013/1/14,2013/12/31,"肖立强,罗毅",招商证券股份有限公司,2.42
1,2013/1/14,2012/12/31,"肖立强,罗毅",招商证券股份有限公司,2.57
1,2013/1/11,2013/12/31,戴方,浙商证券股份有限公司,2.42
1,2013/1/11,2012/12/31,戴方,浙商证券股份有限公司,2.34
1,2012/11/26,2012/12/31,李锋,民生证券有限责任公司,1.98
1,2012/11/26,2013/12/31,李锋,民生证券有限责任公司,2.19
1,2012/11/26,2014/12/31,李锋,民生证券有限责任公司,2.48
1,2012/10/29,2012/12/31,"邱冠华,黄春逢,李晗",国泰君安证券股份有限公司,2.61
1,2012/10/29,2013/12/31,"邱冠华,黄春逢,李晗",国泰君安证券股份有限公司,2.33
1,2012/10/28,2012/12/31,"罗毅,肖立强",招商证券股份有限公司,2.19
1,2012/10/28,2013/12/31,"罗毅,肖立强",招商证券股份有限公司,2.35
1,2012/10/28,2014/12/31,"罗毅,肖立强",招商证券股份有限公司,2.61
1,2012/10/26,2012/12/31,沐华,广发证券股份有限公司,
1,2012/10/26,2012/12/31,吴畏,兴业证券股份有限公司,2.3
1,2012/10/26,2013/12/31,吴畏,兴业证券股份有限公司,2.711
1,2012/10/26,2012/12/31,许荣聪,湘财证券有限责任公司,2.51
1,2012/10/26,2013/12/31,许荣聪,湘财证券有限责任公司,3.12
1,2012/10/26,2013/12/31,"孙鹏,袁琳",中银国际证券有限责任公司,2.04
1,2012/10/26,2012/12/31,"罗景,毛军华",中国国际金融有限公司,1.97
1,2012/10/26,2013/12/31,"罗景,毛军华",中国国际金融有限公司,2.04
1,2012/10/26,2012/12/31,"倪军,徐冰玉,王宇轩",申银万国证券股份有限公司,2.04
1,2012/10/26,2013/12/31,"倪军,徐冰玉,王宇轩",申银万国证券股份有限公司,2.3
1,2012/10/26,2012/12/31,"马宁,程博为",北京高华证券有限责任公司,2.42
1,2012/10/26,2014/12/31,"马宁,程博为",北京高华证券有限责任公司,2.65
1,2012/10/26,2013/12/31,"马宁,程博为",北京高华证券有限责任公司,2.5
1,2012/10/26,2012/12/31,"孙鹏,袁琳",中银国际证券有限责任公司,2.055
1,2012/10/26,2014/12/31,"孙鹏,袁琳",中银国际证券有限责任公司,2.02
1,2012/10/25,2012/12/31,陈建刚,国金证券股份有限公司,1.93
1,2012/10/25,2013/12/31,陈建刚,国金证券股份有限公司,2.1
1,2012/10/25,2013/12/31,吴畏,兴业证券股份有限公司,2.711
1,2012/10/25,2012/12/31,吴畏,兴业证券股份有限公司,2.3
1,2012/10/25,2012/12/31,刘俊,长江证券股份有限公司,2.93
1,2012/10/25,2013/12/31,刘俊,长江证券股份有限公司,3.27
1,2012/9/26,2012/12/31,唐亚韫,东北证券股份有限公司,2.5
1,2012/9/26,2013/12/31,唐亚韫,东北证券股份有限公司,2.21
1,2012/9/26,2014/12/31,唐亚韫,东北证券股份有限公司,2.43
1,2012/8/24,2012/12/31,戴方,浙商证券有限责任公司,1.16
1,2012/8/24,2013/12/31,戴方,浙商证券有限责任公司,1.19
1,2012/8/20,2012/12/31,唐亚韫,东北证券股份有限公司,2.5
1,2012/8/20,2013/12/31,唐亚韫,东北证券股份有限公司,2.21
1,2012/8/20,2014/12/31,唐亚韫,东北证券股份有限公司,2.43
1,2012/8/17,2012/12/31,邓茂,东莞证券有限责任公司,2.34
1,2012/8/17,2013/12/31,邓茂,东莞证券有限责任公司,2.65
1,2012/8/17,2012/12/31,杨荣,中信建投证券股份有限公司,2.59
1,2012/8/17,2013/12/31,杨荣,中信建投证券股份有限公司,2.93
1,2012/8/16,2012/12/31,许荣聪,湘财证券有限责任公司,2.41
1,2012/8/16,2013/12/31,许荣聪,湘财证券有限责任公司,2.98
1,2012/8/16,2012/12/31,孙旭,瑞银证券有限责任公司,2.57
1,2012/8/16,2012/12/31,谢爱红,国盛证券有限责任公司,2.19
1,2012/8/16,2013/12/31,谢爱红,国盛证券有限责任公司,2.48
1,2012/8/16,2014/12/31,谢爱红,国盛证券有限责任公司,2.69
1,2012/8/16,2012/12/31,孙鹏,中国银行国际证券公司,2.055
1,2012/8/16,2013/12/31,孙鹏,中国银行国际证券公司,2.04
1,2012/8/16,2014/12/31,孙鹏,中国银行国际证券公司,2.02
1,2012/8/16,2012/12/31,黄飙,长城证券有限责任公司,2.44
1,2012/8/16,2013/12/31,黄飙,长城证券有限责任公司,2.8
1,2012/8/16,2012/12/31,沐华,广发证券股份有限公司,
1,2012/8/16,2012/12/31,周伟,方正证券有限责任公司,2.69
1,2012/8/16,2013/12/31,周伟,方正证券有限责任公司,3.39
1,2012/8/16,2014/12/31,周伟,方正证券有限责任公司,4.16
1,2012/8/16,2012/12/31,"罗景,毛军华",中国国际金融有限公司,1.97
1,2012/8/16,2013/12/31,"罗景,毛军华",中国国际金融有限公司,2.05
1,2012/8/16,2012/12/31,,中国银河证券股份有限公司,1.97
1,2012/8/16,2014/12/31,,中国银河证券股份有限公司,2.21
1,2012/8/16,2013/12/31,,中国银河证券股份有限公司,2.01
1,2012/8/16,2014/12/31,孙旭,瑞银证券有限责任公司,3.34
1,2012/8/16,2013/12/31,孙旭,瑞银证券有限责任公司,2.88
1,2012/8/16,2014/12/31,许国玉,华泰证券股份有限公司,3.01
1,2012/8/16,2013/12/31,许国玉,华泰证券股份有限公司,2.62
1,2012/8/16,2012/12/31,许国玉,华泰证券股份有限公司,2.38
1,2012/8/16,2014/12/31,唐亚韫,东北证券股份有限公司,2.43
1,2012/8/16,2013/12/31,唐亚韫,东北证券股份有限公司,2.21
1,2012/8/16,2012/12/31,唐亚韫,东北证券股份有限公司,2.5
1,2012/8/16,2012/12/31,戴方,浙商证券有限责任公司,2.34
1,2012/8/16,2013/12/31,戴方,浙商证券有限责任公司,2.1
1,2012/8/16,2012/12/31,金麟,东方证券股份有限公司,2.5
1,2012/8/16,2013/12/31,金麟,东方证券股份有限公司,2.48
1,2012/8/16,2014/12/31,金麟,东方证券股份有限公司,2.58
1,2012/8/16,2012/12/31,"邱冠华,黄春逢,李晗",国泰君安证券股份有限公司,2.31
1,2012/8/15,2012/12/31,沈维,光大证券股份有限公司,2.68
1,2012/8/15,2013/12/31,沈维,光大证券股份有限公司,3.13
1,2012/8/15,2014/12/31,沈维,光大证券股份有限公司,4.09
1,2012/8/15,2013/12/31,刘俊,长江证券股份有限公司,2.33
1,2012/8/15,2012/12/31,刘俊,长江证券股份有限公司,2.51
1,2012/8/15,2012/12/31,吴畏,兴业证券股份有限公司,2.29
1,2012/8/15,2013/12/31,吴畏,兴业证券股份有限公司,2.565
1,2012/8/15,2012/12/31,陈建刚,国金证券股份有限公司,1.933
1,2012/8/15,2013/12/31,陈建刚,国金证券股份有限公司,2.136
1,2012/8/3,2012/12/31,戴方,浙商证券有限责任公司,2.36
1,2012/8/3,2013/12/31,戴方,浙商证券有限责任公司,2.14
1,2012/5/1,2012/12/31,杨建海,安信证券股份有限公司,2.06
1,2012/5/1,2013/12/31,杨建海,安信证券股份有限公司,2.45
1,2012/5/1,2014/12/31,杨建海,安信证券股份有限公司,2.86
1,2012/4/27,2012/12/31,唐亚韫,东北证券股份有限公司,2.61
1,2012/4/27,2013/12/31,唐亚韫,东北证券股份有限公司,3.21
1,2012/4/27,2014/12/31,唐亚韫,东北证券股份有限公司,3.82
1,2012/4/26,2012/12/31,励雅敏,瑞银证券有限责任公司,2.74
1,2012/4/26,2013/12/31,励雅敏,瑞银证券有限责任公司,3.26
1,2012/4/26,2014/12/31,励雅敏,瑞银证券有限责任公司,3.79
1,2012/4/26,2013/12/31,倪军,申银万国证券股份有限公司,2.3
1,2012/4/26,2012/12/31,倪军,申银万国证券股份有限公司,2.04
1,2012/4/26,2012/12/31,孙鹏,中国银行国际证券公司,2.055
1,2012/4/26,2013/12/31,孙鹏,中国银行国际证券公司,2.105
1,2012/4/26,2014/12/31,孙鹏,中国银行国际证券公司,2.114
1,2012/4/26,2013/12/31,"罗景,毛军华",中国国际金融有限公司,2.32
1,2012/4/26,2012/12/31,"罗景,毛军华",中国国际金融有限公司,2.05
1,2012/4/26,2014/12/31,金麟,东方证券股份有限公司,2.99
1,2012/4/26,2013/12/31,金麟,东方证券股份有限公司,2.72
1,2012/4/26,2012/12/31,金麟,东方证券股份有限公司,2.5
1,2012/4/26,2013/12/31,唐亚韫,东北证券股份有限公司,3.95
1,2012/4/26,2012/12/31,唐亚韫,东北证券股份有限公司,3.21
1,2012/4/26,2014/12/31,唐亚韫,东北证券股份有限公司,4.7
1,2012/4/26,2012/12/31,沐华,广发证券股份有限公司,1.75
1,2012/4/25,2011/12/31,"马宁,程博为",北京高华证券有限责任公司,2.01
1,2012/4/25,2013/12/31,张忆东,兴业证券股份有限公司,3.329
1,2012/4/25,2012/12/31,张忆东,兴业证券股份有限公司,2.74
1,2012/4/25,2012/12/31,罗毅,招商证券股份有限公司,2.18
1,2012/4/25,2013/12/31,罗毅,招商证券股份有限公司,2.75
1,2012/4/25,2014/12/31,罗毅,招商证券股份有限公司,3.31
1,2012/4/25,2013/12/31,"马宁,程博为",北京高华证券有限责任公司,2.86
1,2012/4/25,2012/12/31,"马宁,程博为",北京高华证券有限责任公司,2.58
1,2012/4/25,2013/12/31,沈维,光大证券股份有限公司,3.34
1,2012/4/25,2012/12/31,沈维,光大证券股份有限公司,2.79
1,2012/4/25,2014/12/31,沈维,光大证券股份有限公司,
1,2012/3/14,2012/12/31,谢继勇,群益证券(香港)有限公司,2.96
1,2012/3/14,2013/12/31,谢继勇,群益证券(香港)有限公司,3.53
1,2012/3/14,2012/12/31,,恒泰证券有限责任公司,2.13
1,2012/3/14,2013/12/31,,恒泰证券有限责任公司,2.6
1,2012/3/13,2013/12/31,杨荣,中信建投证券股份有限公司,2.99
1,2012/3/13,2012/12/31,杨荣,中信建投证券股份有限公司,2.58
1,2012/3/12,2012/12/31,唐亚韫,东北证券股份有限公司,2.61
1,2012/3/12,2013/12/31,唐亚韫,东北证券股份有限公司,3.21
1,2012/3/12,2014/12/31,唐亚韫,东北证券股份有限公司,3.82
1,2012/3/9,2014/12/31,"程娇翼,谢刚",齐鲁证券有限公司,3.38
1,2012/3/9,2011/12/31,倪军,申银万国证券股份有限公司,2.66
1,2012/3/9,2012/12/31,倪军,申银万国证券股份有限公司,3.3
1,2012/3/9,2013/12/31,倪军,申银万国证券股份有限公司,4.22
1,2012/3/9,2012/12/31,石磊,天相投资顾问有限公司,2.52
1,2012/3/9,2013/12/31,石磊,天相投资顾问有限公司,2.98
1,2012/3/9,2012/12/31,郭怡娴,中国银河证券股份有限公司,2.06
1,2012/3/9,2013/12/31,郭怡娴,中国银河证券股份有限公司,2.43
1,2012/3/9,2014/12/31,郭怡娴,中国银河证券股份有限公司,2.93
1,2012/3/9,2014/12/31,孙鹏,中国银行国际证券公司,2.114
1,2012/3/9,2012/12/31,陈曦,中原证券股份有限公司,2.33
1,2012/3/9,2013/12/31,陈曦,中原证券股份有限公司,2.75
1,2012/3/9,2014/12/31,金麟,东方证券股份有限公司,2.75
1,2012/3/9,2013/12/31,金麟,东方证券股份有限公司,2.54
1,2012/3/9,2013/12/31,孙鹏,中国银行国际证券公司,2.105
1,2012/3/9,2012/12/31,"罗景,毛军华",中国国际金融有限公司,2.05
1,2012/3/9,2013/12/31,"罗景,毛军华",中国国际金融有限公司,2.32
1,2012/3/9,2012/12/31,沐华,广发证券股份有限公司,1.74
1,2012/3/9,2013/12/31,沐华,广发证券股份有限公司,2.09
1,2012/3/9,2014/12/31,沐华,广发证券股份有限公司,2.41
1,2012/3/9,2012/12/31,孙鹏,中国银行国际证券公司,2.055
1,2012/3/9,2013/12/31,"邱志承,黄飙",国信证券股份有限公司,2.35
1,2012/3/9,2014/12/31,"邱志承,黄飙",国信证券股份有限公司,2.81
1,2012/3/9,2012/12/31,谢爱红,日信证券有限责任公司,3.22
1,2012/3/9,2013/12/31,谢爱红,日信证券有限责任公司,4.06
1,2012/3/9,2012/12/31,励雅敏,瑞银证券有限责任公司,2.74
1,2012/3/9,2013/12/31,励雅敏,瑞银证券有限责任公司,3.26
1,2012/3/9,2014/12/31,励雅敏,瑞银证券有限责任公司,3.79
1,2012/3/9,2012/12/31,金麟,东方证券股份有限公司,2.45
1,2012/3/9,2011/12/31,"程娇翼,谢刚",齐鲁证券有限公司,2.22
1,2012/3/9,2012/12/31,"程娇翼,谢刚",齐鲁证券有限公司,2.22
1,2012/3/9,2013/12/31,"程娇翼,谢刚",齐鲁证券有限公司,2.67
1,2012/3/9,2012/12/31,刘俊,长江证券股份有限公司,2.2
1,2012/3/9,2012/12/31,唐亚韫,东北证券股份有限公司,3.21
1,2012/3/9,2013/12/31,唐亚韫,东北证券股份有限公司,3.95
1,2012/3/9,2014/12/31,唐亚韫,东北证券股份有限公司,4.7
1,2012/3/9,2012/12/31,"邱志承,黄飙",国信证券股份有限公司,2.11
1,2012/3/8,2013/12/31,张忆东 ,兴业证券股份有限公司,2.92
1,2012/3/8,2012/12/31,张忆东 ,兴业证券股份有限公司,2.54
1,2012/3/8,2013/12/31,许国玉,华泰证券股份有限公司,3.02
1,2012/3/8,2012/12/31,许国玉,华泰证券股份有限公司,2.5
1,2012/3/8,2012/12/31,沈维,光大证券股份有限公司,2.79
1,2012/3/8,2013/12/31,沈维,光大证券股份有限公司,3.34
1,2012/3/8,2014/12/31,沈维,光大证券股份有限公司,4.02
1,2012/2/13,2011/12/31,谢继勇,群益证券(香港)有限公司,2.51
1,2012/2/13,2012/12/31,谢继勇,群益证券(香港)有限公司,3.05
1,2012/1/30,2013/12/31,"邱志承,黄飙",国信证券股份有限公司,2.46
1,2012/1/30,2012/12/31,"邱志承,黄飙",国信证券股份有限公司,2.28
1,2012/1/30,2011/12/31,"邱志承,黄飙",国信证券股份有限公司,1.68
1,2012/1/30,2011/12/31,励雅敏,瑞银证券有限责任公司,2.46
1,2012/1/30,2012/12/31,励雅敏,瑞银证券有限责任公司,2.73
1,2012/1/30,2013/12/31,励雅敏,瑞银证券有限责任公司,3.24
1,2012/1/30,2011/12/31,戴志锋,华泰联合证券有限责任公司,2.19
1,2012/1/30,2012/12/31,戴志锋,华泰联合证券有限责任公司,2.61
1,2012/1/20,2012/12/31,程娇翼,齐鲁证券有限公司,2.16
1,2012/1/20,2013/12/31,程娇翼,齐鲁证券有限公司,2.61
1,2012/1/20,2011/12/31,程娇翼,齐鲁证券有限公司,2.08
1,2012/1/20,2012/12/31,唐亚韫,东北证券股份有限公司,2.33
1,2012/1/20,2013/12/31,唐亚韫,东北证券股份有限公司,2.74
1,2012/1/20,2011/12/31,唐亚韫,东北证券股份有限公司,1.79
1,2012/1/20,2011/12/31,倪军,申银万国证券股份有限公司,2.72
1,2012/1/20,2012/12/31,倪军,申银万国证券股份有限公司,3.38
1,2012/1/20,2013/12/31,倪军,申银万国证券股份有限公司,4.32
1,2012/1/20,2011/12/31,励雅敏,瑞银证券有限责任公司,2.38
1,2012/1/20,2013/12/31,励雅敏,瑞银证券有限责任公司,3.24
1,2012/1/20,2012/12/31,励雅敏,瑞银证券有限责任公司,2.73
1,2012/1/19,2011/12/31,陈建刚,国金证券股份有限公司,3.09
1,2012/1/19,2012/12/31,陈建刚,国金证券股份有限公司,3.57
1,2012/1/19,2013/12/31,罗毅,招商证券股份有限公司,2.87
1,2012/1/19,2011/12/31,罗毅,招商证券股份有限公司,2.03
1,2012/1/19,2012/12/31,罗毅,招商证券股份有限公司,2.25
1,2012/1/11,2011/12/31,励雅敏,瑞银证券有限责任公司,2.38
1,2012/1/11,2013/12/31,励雅敏,瑞银证券有限责任公司,3.24
1,2012/1/11,2012/12/31,励雅敏,瑞银证券有限责任公司,2.73
1,2011/11/17,2011/12/31,励雅敏,瑞银证券有限责任公司,2.38
1,2011/11/17,2013/12/31,励雅敏,瑞银证券有限责任公司,3.24
1,2011/11/17,2012/12/31,励雅敏,瑞银证券有限责任公司,2.73
1,2011/10/27,2011/12/31,杨荣,中信建投证券有限责任公司,1.74
1,2011/10/27,2012/12/31,杨荣,中信建投证券有限责任公司,2.17
1,2011/10/27,2012/12/31,谢继勇,群益证券(香港)有限公司,3.05
1,2011/10/27,2011/12/31,谢继勇,群益证券(香港)有限公司,2.06
1,2011/10/27,2011/12/31,"戴志锋,林媛媛",华泰联合证券有限责任公司,2.05
1,2011/10/27,2012/12/31,"戴志锋,林媛媛",华泰联合证券有限责任公司,
1,2011/10/27,2012/12/31,杨建海,安信证券股份有限公司,1.82
1,2011/10/27,2011/12/31,杨建海,安信证券股份有限公司,1.47
1,2011/10/27,2013/12/31,杨建海,安信证券股份有限公司,2.11
1,2011/10/27,2012/12/31,张帆,德邦证券有限责任公司,3.04
1,2011/10/27,2011/12/31,张帆,德邦证券有限责任公司,2.06
1,2011/10/27,2013/12/31,张帆,德邦证券有限责任公司,3.73
1,2011/10/27,2011/12/31,黄凡,东莞证券有限责任公司,2.03
1,2011/10/26,2011/12/31,陈志华,长江证券股份有限公司,2.01
1,2011/10/26,2013/12/31,"孙鹏,袁琳",中国银行国际证券公司,1.853
1,2011/10/26,2012/12/31,"邱志承,黄飙",国信证券股份有限公司,2.3
1,2011/10/26,2011/12/31,"邱志承,黄飙",国信证券股份有限公司,1.88
1,2011/10/26,2013/12/31,"邱志承,黄飙",国信证券股份有限公司,2.41
1,2011/10/26,2012/12/31,"孙鹏,袁琳",中国银行国际证券公司,1.642
1,2011/10/26,2011/12/31,"孙鹏,袁琳",中国银行国际证券公司,1.487
1,2011/10/26,2013/12/31,"徐然,马宁",北京高华证券有限责任公司,3.43
1,2011/10/26,2011/12/31,石磊,天相投资顾问有限公司,1.92
1,2011/10/26,2012/12/31,石磊,天相投资顾问有限公司,2.31
1,2011/10/26,2012/12/31,"罗景,毛军华",中国国际金融有限公司,2.12
1,2011/10/26,2011/12/31,"罗景,毛军华",中国国际金融有限公司,1.52
1,2011/10/26,2012/12/31,陈曦,中原证券股份有限公司,2.59
1,2011/10/26,2012/12/31,陈志华,长江证券股份有限公司,1.74
1,2011/10/26,2011/12/31,许荣聪,湘财证券有限责任公司,2.52
1,2011/10/26,2012/12/31,许荣聪,湘财证券有限责任公司,3.02
1,2011/10/26,2011/12/31,"戴志锋,林媛媛",华泰联合证券有限责任公司,2.02
1,2011/10/26,2012/12/31,"戴志锋,林媛媛",华泰联合证券有限责任公司,
1,2011/10/26,2013/12/31,李锋,民生证券有限责任公司,2.97
1,2011/10/26,2013/12/31,金麟,东方证券股份有限公司,3.49
1,2011/10/26,2011/12/31,金麟,东方证券股份有限公司,2.68
1,2011/10/26,2012/12/31,金麟,东方证券股份有限公司,2.93
1,2011/10/26,2011/12/31,"徐然,马宁",北京高华证券有限责任公司,2.4
1,2011/10/26,2012/12/31,"徐然,马宁",北京高华证券有限责任公司,2.78
1,2011/10/26,2011/12/31,陈曦,中原证券股份有限公司,2.16
1,2011/10/26,2013/12/31,唐亚韫,东北证券股份有限公司,2.74
1,2011/10/26,2012/12/31,唐亚韫,东北证券股份有限公司,2.33
1,2011/10/26,2011/12/31,唐亚韫,东北证券股份有限公司,1.79
1,2011/10/26,2012/12/31,李锋,民生证券有限责任公司,2.42
1,2011/10/26,2011/12/31,李锋,民生证券有限责任公司,1.83
1,2011/10/25,2012/12/31,沐华,广发证券股份有限公司,1.67
1,2011/10/25,2013/12/31,沐华,广发证券股份有限公司,2.03
1,2011/10/25,2011/12/31,沐华,广发证券股份有限公司,1.75
1,2011/10/25,2011/12/31,张忆东,兴业证券股份有限公司,1.872
1,2011/10/25,2012/12/31,张忆东,兴业证券股份有限公司,2.209
1,2011/10/25,2011/12/31,叶云燕,中国银河证券股份有限公司,2.88
1,2011/10/25,2012/12/31,叶云燕,中国银河证券股份有限公司,3.63
1,2011/10/25,2013/12/31,叶云燕,中国银河证券股份有限公司,4.48
1,2011/10/25,2011/12/31,"程娇翼,谢刚",齐鲁证券有限公司,2.08
1,2011/10/25,2012/12/31,"程娇翼,谢刚",齐鲁证券有限公司,2.16
1,2011/10/25,2013/12/31,"程娇翼,谢刚",齐鲁证券有限公司,2.61
1,2011/10/25,2013/12/31,罗毅,招商证券股份有限公司,2.87
1,2011/10/25,2012/12/31,罗毅,招商证券股份有限公司,2.25
1,2011/10/25,2011/12/31,罗毅,招商证券股份有限公司,2.03
1,2011/10/23,2011/12/31,李锋,民生证券有限责任公司,1.83
1,2011/10/23,2013/12/31,李锋,民生证券有限责任公司,2.58
1,2011/10/23,2012/12/31,李锋,民生证券有限责任公司,2
1,2011/10/16,2011/12/31,罗毅,招商证券股份有限公司,2.12
1,2011/10/16,2012/12/31,罗毅,招商证券股份有限公司,2.77
1,2011/10/16,2013/12/31,罗毅,招商证券股份有限公司,3.35
1,2011/10/15,2011/12/31,,恒泰证券有限责任公司,2.04
1,2011/10/15,2012/12/31,,恒泰证券有限责任公司,2.74
1,2011/8/19,2012/12/31,方夏虹,中原证券股份有限公司,2.59
1,2011/8/19,2012/12/31,唐亚韫,东北证券股份有限公司,2.33
1,2011/8/19,2011/12/31,唐亚韫,东北证券股份有限公司,1.79
1,2011/8/19,2012/12/31,魏涛,中信建投证券有限责任公司,2.49
1,2011/8/19,2011/12/31,魏涛,中信建投证券有限责任公司,2.1
1,2011/8/19,2011/12/31,谢继勇,群益证券(香港)有限公司,1.56
1,2011/8/19,2012/12/31,谢继勇,群益证券(香港)有限公司,1.98
1,2011/8/19,2011/12/31,方夏虹,中原证券股份有限公司,2.16
1,2011/8/19,2012/12/31,杨建海,安信证券股份有限公司,2.91
1,2011/8/19,2011/12/31,杨建海,安信证券股份有限公司,2.4
1,2011/8/19,2013/12/31,杨建海,安信证券股份有限公司,3.55
1,2011/8/18,2013/12/31,叶云燕,中国银河证券股份有限公司,3.69
1,2011/8/18,2012/12/31,叶云燕,中国银河证券股份有限公司,3.1
1,2011/8/18,2011/12/31,叶云燕,中国银河证券股份有限公司,2.55
1,2011/8/18,2012/12/31,饶明,信达证券股份有限公司,3.46
1,2011/8/18,2011/12/31,饶明,信达证券股份有限公司,2.49
1,2011/8/18,2012/12/31,许荣聪,湘财证券有限责任公司,3.02
1,2011/8/18,2011/12/31,许荣聪,湘财证券有限责任公司,2.45
1,2011/8/18,2012/12/31,石磊,天相投资顾问有限公司,2.82
1,2011/8/18,2011/12/31,石磊,天相投资顾问有限公司,2.26
1,2011/8/18,2011/12/31,郭敏,上海证券有限责任公司,1.882
1,2011/8/18,2012/12/31,郭敏,上海证券有限责任公司,2.632
1,2011/8/18,2012/12/31,谢爱红,日信证券有限责任公司,2.45
1,2011/8/18,2011/12/31,谢爱红,日信证券有限责任公司,1.86
1,2011/8/18,2011/12/31,"朱琰,肖斐斐,程H,王一峰",中信证券股份有限公司,1.76
1,2011/8/18,2012/12/31,"朱琰,肖斐斐,程H,王一峰",中信证券股份有限公司,2.11
1,2011/8/18,2013/12/31,"朱琰,肖斐斐,程H,王一峰",中信证券股份有限公司,2.43
1,2011/8/18,2012/12/31,"邱志承,黄飙",国信证券股份有限公司,2.79
1,2011/8/18,2011/12/31,"邱志承,黄飙",国信证券股份有限公司,2.14
1,2011/8/18,2012/12/31,"戴志锋,林媛媛",华泰联合证券有限责任公司,2.2
1,2011/8/18,2011/12/31,李锋,民生证券有限责任公司,1.83
1,2011/8/18,2012/12/31,李锋,民生证券有限责任公司,2.42
1,2011/8/18,2013/12/31,李锋,民生证券有限责任公司,2.97
1,2011/8/18,2011/12/31,"戴志锋,林媛媛",华泰联合证券有限责任公司,1.81
1,2011/8/18,2013/12/31,沐华,广发证券股份有限公司,2.72
1,2011/8/18,2012/12/31,沐华,广发证券股份有限公司,2.24
1,2011/8/18,2011/12/31,沐华,广发证券股份有限公司,2.53
1,2011/8/18,2011/12/31,"孙鹏,袁琳",中国银行国际证券公司,1.354
1,2011/8/18,2013/12/31,"孙鹏,袁琳",中国银行国际证券公司,1.83
1,2011/8/18,2012/12/31,"孙鹏,袁琳",中国银行国际证券公司,1.617
1,2011/8/18,2012/12/31,陈志华,长江证券股份有限公司,2.11
1,2011/8/18,2011/12/31,陈志华,长江证券股份有限公司,1.75
1,2011/8/18,2011/12/31,唐亚韫,东北证券股份有限公司,1.79
1,2011/8/18,2011/12/31,"毛军华,罗景",中国国际金融有限公司,1.52
1,2011/8/18,2012/12/31,"毛军华,罗景",中国国际金融有限公司,2.13
1,2011/8/18,2013/12/31,金麟,东方证券股份有限公司,2.92
1,2011/8/18,2012/12/31,金麟,东方证券股份有限公司,2.53
1,2011/8/18,2011/12/31,金麟,东方证券股份有限公司,2.28
1,2011/8/18,2013/12/31,"程娇翼,谢刚",齐鲁证券有限公司,2.92
1,2011/8/18,2011/12/31,"程娇翼,谢刚",齐鲁证券有限公司,2.03
1,2011/8/18,2012/12/31,"程娇翼,谢刚",齐鲁证券有限公司,2.45
1,2011/8/18,2012/12/31,唐亚韫,东北证券股份有限公司,2.33
1,2011/8/18,2011/12/31,俞冲,广州证券有限责任公司,2.38
1,2011/8/18,2012/12/31,俞冲,广州证券有限责任公司,2.79
1,2011/8/18,2011/12/31,刘志平,华鑫证券有限责任公司,1.71
1,2011/8/18,2012/12/31,刘志平,华鑫证券有限责任公司,2.14
1,2011/8/17,2011/12/31,沈维,光大证券股份有限公司,2.6
1,2011/8/17,2011/12/31,张忆东,兴业证券股份有限公司,2.362
1,2011/8/17,2012/12/31,张忆东,兴业证券股份有限公司,2.847
1,2011/8/17,2012/12/31,沈维,光大证券股份有限公司,3.43
1,2011/8/17,2013/12/31,沈维,光大证券股份有限公司,4.3
1,2011/7/13,2011/12/31,刘志平,华鑫证券有限责任公司,2.32
1,2011/7/13,2012/12/31,刘志平,华鑫证券有限责任公司,2.7
1,2011/7/13,2012/12/31,"朱琰,程H,肖斐斐,王一峰",中信证券股份有限公司,2.96
1,2011/7/13,2011/12/31,"朱琰,程H,肖斐斐,王一峰",中信证券股份有限公司,2.46
1,2011/7/4,2011/12/31,"程娇翼,谢刚",齐鲁证券有限公司,2.03
1,2011/7/4,2013/12/31,"程娇翼,谢刚",齐鲁证券有限公司,2.92
1,2011/7/4,2012/12/31,"程娇翼,谢刚",齐鲁证券有限公司,2.45
1,2011/5/13,2011/12/31,"毛军华,罗景",中国国际金融有限公司,2.35
1,2011/5/13,2012/12/31,"毛军华,罗景",中国国际金融有限公司,2.8
1,2011/4/28,2012/12/31,"毛军华,罗景",中国国际金融有限公司,2.8
1,2011/4/28,2011/12/31,"毛军华,罗景",中国国际金融有限公司,2.35
1,2011/4/28,2011/12/31,杨建海,安信证券股份有限公司,2.4
1,2011/4/28,2013/12/31,杨建海,安信证券股份有限公司,3.55
1,2011/4/28,2012/12/31,杨建海,安信证券股份有限公司,2.91
1,2011/4/28,2010/12/31,唐亚韫,东北证券股份有限公司,1.91
1,2011/4/28,2011/12/31,唐亚韫,东北证券股份有限公司,1.79
1,2011/4/27,2011/12/31,李文,东海证券有限责任公司,2.54
1,2011/4/27,2013/12/31,金麟,东方证券股份有限公司,2.92
1,2011/4/27,2012/12/31,金麟,东方证券股份有限公司,2.53
1,2011/4/27,2011/12/31,金麟,东方证券股份有限公司,2.28
1,2011/4/27,2011/12/31,"戴志锋,林媛媛",华泰联合证券有限责任公司,2.22
1,2011/4/27,2012/12/31,"戴志锋,林媛媛",华泰联合证券有限责任公司,2.57
1,2011/4/27,2012/12/31,谢爱红,日信证券有限责任公司,3.16
1,2011/4/27,2011/12/31,谢爱红,日信证券有限责任公司,2.43
1,2011/4/27,2011/12/31,"伍永刚,王丽雯",国泰君安证券股份有限公司,2.45
1,2011/4/27,2012/12/31,"伍永刚,王丽雯",国泰君安证券股份有限公司,2.94
1,2011/4/27,2013/12/31,"伍永刚,王丽雯",国泰君安证券股份有限公司,3.47
1,2011/4/27,2012/12/31,叶云燕,中国银河证券股份有限公司,2.77
1,2011/4/27,2011/12/31,叶云燕,中国银河证券股份有限公司,2.36
1,2011/4/27,2013/12/31,叶云燕,中国银河证券股份有限公司,3.29
1,2011/4/27,2012/12/31,邓婷,国都证券有限责任公司,3.16
1,2011/4/27,2011/12/31,邓婷,国都证券有限责任公司,2.49
1,2011/4/27,2012/12/31,"孙鹏,袁琳",中国银行国际证券公司,2.065
1,2011/4/27,2013/12/31,"孙鹏,袁琳",中国银行国际证券公司,2.306
1,2011/4/27,2011/12/31,姚轶楠,天相投资顾问有限公司,2.26
1,2011/4/27,2012/12/31,姚轶楠,天相投资顾问有限公司,2.82
1,2011/4/27,2011/12/31,俞冲,广州证券有限责任公司,2.38
1,2011/4/27,2012/12/31,俞冲,广州证券有限责任公司,2.79
1,2011/4/27,2011/12/31,"孙鹏,袁琳",中国银行国际证券公司,1.721
1,2011/4/27,2013/12/31,邱志承,国信证券股份有限公司,3.59
1,2011/4/27,2011/12/31,邱志承,国信证券股份有限公司,2.77
1,2011/4/27,2012/12/31,邱志承,国信证券股份有限公司,3.12
1,2011/4/27,2011/12/31,"毛军华,罗景",中国国际金融有限公司,2.35
1,2011/4/27,2012/12/31,"毛军华,罗景",中国国际金融有限公司,2.8
1,2011/4/27,2011/12/31,陈曦,第一创业证券有限责任公司,2.34
1,2011/4/27,2012/12/31,陈曦,第一创业证券有限责任公司,2.92
1,2011/4/26,2012/12/31,董,申银万国证券股份有限公司,3.22
1,2011/4/26,2011/12/31,董,申银万国证券股份有限公司,2.59
1,2011/4/26,2013/12/31,黄立军,宏源证券股份有限公司,3.31
1,2011/4/26,2012/12/31,黄立军,宏源证券股份有限公司,2.81
1,2011/4/26,2011/12/31,黄立军,宏源证券股份有限公司,2.49
1,2011/4/26,2013/12/31,"程娇翼,谢刚",齐鲁证券有限公司,3.33
1,2011/4/26,2012/12/31,张忆东,兴业证券股份有限公司,3.006
1,2011/4/26,2011/12/31,张忆东,兴业证券股份有限公司,2.362
1,2011/4/26,2011/12/31,"徐然,马宁",北京高华证券有限责任公司,2.3
1,2011/4/26,2012/12/31,"徐然,马宁",北京高华证券有限责任公司,2.77
1,2011/4/26,2012/12/31,"程娇翼,谢刚",齐鲁证券有限公司,2.81
1,2011/4/26,2011/12/31,"程娇翼,谢刚",齐鲁证券有限公司,2.37
1,2011/4/26,2011/12/31,陈志华,长江证券股份有限公司,2.47
1,2011/4/26,2012/12/31,陈志华,长江证券股份有限公司,3.08
1,2011/4/26,2013/12/31,罗毅,招商证券股份有限公司,3.67
1,2011/4/26,2012/12/31,罗毅,招商证券股份有限公司,3.16
1,2011/4/26,2011/12/31,罗毅,招商证券股份有限公司,2.65
1,2011/4/26,2011/12/31,唐亚韫,东北证券股份有限公司,1.79
1,2011/4/26,2010/12/31,唐亚韫,东北证券股份有限公司,1.91
1,2011/4/15,2012/12/31,魏涛,中信建投证券有限责任公司,2.75
1,2011/4/15,2011/12/31,魏涛,中信建投证券有限责任公司,2.25
1,2011/4/14,2011/12/31,唐亚韫,东北证券股份有限公司,1.79
1,2011/4/14,2010/12/31,唐亚韫,东北证券股份有限公司,1.91
1,2011/4/14,2011/12/31,"邱志承,黄飙",国信证券股份有限公司,0.69
1,2011/4/14,2013/12/31,"邱志承,黄飙",国信证券股份有限公司,3.09
1,2011/4/14,2012/12/31,"邱志承,黄飙",国信证券股份有限公司,2.63
1,2011/4/13,2012/12/31,陈志华,长江证券股份有限公司,3.01
1,2011/4/13,2011/12/31,陈志华,长江证券股份有限公司,2.41
1,2011/4/13,2013/12/31,黄立军,宏源证券股份有限公司,3.31
1,2011/4/13,2012/12/31,黄立军,宏源证券股份有限公司,2.81
1,2011/4/13,2011/12/31,黄立军,宏源证券股份有限公司,2.49
1,2011/2/28,2011/12/31,魏涛,中信建投证券有限责任公司,2.24
1,2011/2/28,2012/12/31,魏涛,中信建投证券有限责任公司,2.66
1,2011/2/25,2012/12/31,陈志华,长江证券股份有限公司,2.79
1,2011/2/25,2011/12/31,陈志华,长江证券股份有限公司,2.28
1,2011/2/25,2011/12/31,"毛军华,罗景",中国国际金融有限公司,2.15
1,2011/2/25,2012/12/31,"毛军华,罗景",中国国际金融有限公司,2.54
1,2011/2/25,2013/12/31,"孙鹏,袁琳",中国银行国际证券公司,2.176
1,2011/2/25,2012/12/31,"孙鹏,袁琳",中国银行国际证券公司,1.867
1,2011/2/25,2011/12/31,"孙鹏,袁琳",中国银行国际证券公司,1.583
1,2011/2/25,2011/12/31,高利,华创证券经纪有限责任公司,2.2
1,2011/2/25,2012/12/31,高利,华创证券经纪有限责任公司,2.68
1,2011/2/25,2011/12/31,金麟,东方证券股份有限公司,2.28
1,2011/2/25,2012/12/31,金麟,东方证券股份有限公司,2.53
1,2011/2/25,2013/12/31,金麟,东方证券股份有限公司,2.92
1,2011/2/25,2012/12/31,"陈建刚,张英",国金证券股份有限公司,2.61
1,2011/2/25,2011/12/31,"陈建刚,张英",国金证券股份有限公司,2.16
1,2011/2/25,2012/12/31,陈曦,第一创业证券有限责任公司,2.75
1,2011/2/25,2011/12/31,陈曦,第一创业证券有限责任公司,2.18
1,2011/2/25,2011/12/31,"叶云燕,杨欢",中国银河证券股份有限公司,2.13
1,2011/2/25,2012/12/31,"叶云燕,杨欢",中国银河证券股份有限公司,2.52
1,2011/2/25,2013/12/31,"叶云燕,杨欢",中国银河证券股份有限公司,3.05
1,2011/2/25,2011/12/31,程娇翼,齐鲁证券有限公司,2.58
1,2011/2/25,2010/12/31,程娇翼,齐鲁证券有限公司,2.24
1,2011/2/25,2013/12/31,"邱志承,黄飙",国信证券股份有限公司,2.99
1,2011/2/25,2011/12/31,"邱志承,黄飙",国信证券股份有限公司,2.19
1,2011/2/25,2012/12/31,"邱志承,黄飙",国信证券股份有限公司,2.63
1,2011/2/25,2010/12/31,董晨,宏源证券股份有限公司,1.8
1,2011/2/25,2012/12/31,董晨,宏源证券股份有限公司,2.44
1,2011/2/25,2011/12/31,董晨,宏源证券股份有限公司,2.26
1,2011/2/25,2011/12/31,励雅敏,申银万国证券股份有限公司,1.59
1,2011/2/25,2010/12/31,励雅敏,申银万国证券股份有限公司,1.8
1,2011/2/25,2012/12/31,戴志锋,华泰联合证券有限责任公司,2.4
1,2011/2/25,2011/12/31,戴志锋,华泰联合证券有限责任公司,2.12
1,2011/2/25,2012/12/31,程娇翼,齐鲁证券有限公司,3.04
1,2011/2/24,2011/12/31,张忆东,兴业证券股份有限公司,2.175
1,2011/2/24,2012/12/31,张忆东,兴业证券股份有限公司,2.815
1,2011/2/24,2011/12/31,唐亚韫,东北证券股份有限公司,1.79
1,2011/2/24,2010/12/31,唐亚韫,东北证券股份有限公司,1.91
1,2011/2/24,2011/12/31,陈志华,长江证券股份有限公司,2.28
1,2011/2/24,2012/12/31,陈志华,长江证券股份有限公司,2.79
1,2010/11/1,2010/12/31,"王泽军,李珂",华融证券股份有限公司,1.78
1,2010/11/1,2011/12/31,"王泽军,李珂",华融证券股份有限公司,2.2
1,2010/10/29,2012/12/31,俞冲,广州证券有限责任公司,2.57
1,2010/10/29,2011/12/31,俞冲,广州证券有限责任公司,2.23
1,2010/10/29,2010/12/31,俞冲,广州证券有限责任公司,1.84
1,2010/10/29,2010/12/31,高利,华创证券经纪有限责任公司,1.79
1,2010/10/29,2011/12/31,高利,华创证券经纪有限责任公司,2.2
1,2010/10/29,2012/12/31,高利,华创证券经纪有限责任公司,2.76
1,2010/10/28,2010/12/31,"伍永刚,王丽雯",国泰君安证券股份有限公司,1.83
1,2010/10/28,2011/12/31,"伍永刚,王丽雯",国泰君安证券股份有限公司,2.29
1,2010/10/28,2013/12/31,"伍永刚,王丽雯",国泰君安证券股份有限公司,
1,2010/10/28,2012/12/31,"伍永刚,王丽雯",国泰君安证券股份有限公司,2.79
1,2010/10/28,2012/12/31,"吴小玲,程宾宾",长城证券有限责任公司,
1,2010/10/28,2011/12/31,"吴小玲,程宾宾",长城证券有限责任公司,2.02
1,2010/10/28,2010/12/31,"吴小玲,程宾宾",长城证券有限责任公司,1.77
1,2010/10/28,2012/12/31,"金麟,王鸣飞",东方证券股份有限公司,3.02
1,2010/10/28,2011/12/31,"金麟,王鸣飞",东方证券股份有限公司,2.53
1,2010/10/28,2010/12/31,"金麟,王鸣飞",东方证券股份有限公司,2.05
1,2010/10/28,2010/12/31,"叶云燕,杨欢",中国银河证券股份有限公司,1.83
1,2010/10/28,2011/12/31,"叶云燕,杨欢",中国银河证券股份有限公司,2.1
1,2010/10/28,2012/12/31,"叶云燕,杨欢",中国银河证券股份有限公司,2.53
1,2010/10/28,2010/12/31,饶明,信达证券股份有限公司,1.82
1,2010/10/28,2011/12/31,饶明,信达证券股份有限公司,2.31
1,2010/10/28,2010/12/31,"杨森,徐广福",湘财证券有限责任公司,1.85
1,2010/10/28,2011/12/31,"杨森,徐广福",湘财证券有限责任公司,2.38
1,2010/10/28,2012/12/31,"杨森,徐广福",湘财证券有限责任公司,3.04
1,2010/10/28,2012/12/31,"孙鹏,袁琳",中国银行国际证券公司,1.672
1,2010/10/28,2010/12/31,"孙鹏,袁琳",中国银行国际证券公司,1.688
1,2010/10/28,2011/12/31,"孙鹏,袁琳",中国银行国际证券公司,1.479
1,2010/10/27,2011/12/31,陈志华,长江证券股份有限公司,2.01
1,2010/10/27,2010/12/31,陈志华,长江证券股份有限公司,1.83
1,2010/10/27,2010/12/31,"吴畏,胡远川,曹晋",兴业证券股份有限公司,1.264
1,2010/10/27,2011/12/31,"吴畏,胡远川,曹晋",兴业证券股份有限公司,1.671
1,2010/10/27,2010/12/31,"戴志锋,吴松凯",华泰联合证券有限责任公司,0.87
1,2010/10/27,2012/12/31,"戴志锋,吴松凯",华泰联合证券有限责任公司,2.1
1,2010/10/27,2011/12/31,"戴志锋,吴松凯",华泰联合证券有限责任公司,1.7
1,2010/10/27,2010/12/31,马宁,北京高华证券有限责任公司,1.77
1,2010/10/27,2011/12/31,马宁,北京高华证券有限责任公司,2.14
1,2010/10/27,2010/12/31,"王倩,肖立强",招商证券股份有限公司,1.75
1,2010/10/27,2011/12/31,"王倩,肖立强",招商证券股份有限公司,2.17
1,2010/10/27,2012/12/31,"王倩,肖立强",招商证券股份有限公司,2.48
1,2010/10/27,2012/12/31,马宁,北京高华证券有限责任公司,2.55
1,2010/10/27,2010/12/31,杨建海,安信证券股份有限公司,1.77
1,2010/10/27,2012/12/31,杨建海,安信证券股份有限公司,3
1,2010/10/27,2011/12/31,杨建海,安信证券股份有限公司,2.27
1,2010/10/26,2012/12/31,"王倩,肖立强",招商证券股份有限公司,2.48
1,2010/10/26,2010/12/31,"王倩,肖立强",招商证券股份有限公司,1.75
1,2010/10/26,2011/12/31,"王倩,肖立强",招商证券股份有限公司,2.17
1,2010/10/7,2012/12/31,李双武,万联证券有限责任公司,2.63
1,2010/10/7,2011/12/31,李双武,万联证券有限责任公司,2.07
1,2010/10/7,2010/12/31,李双武,万联证券有限责任公司,1.22
1,2010/9/29,2012/12/31,"吴畏,胡远川,曹晋",兴业证券股份有限公司,
1,2010/9/29,2011/12/31,"吴畏,胡远川,曹晋",兴业证券股份有限公司,
1,2010/9/29,2010/12/31,"吴畏,胡远川,曹晋",兴业证券股份有限公司,
1,2010/9/27,2010/12/31,"徐然,马宁",北京高华证券有限责任公司,1.77
1,2010/9/27,2011/12/31,"徐然,马宁",北京高华证券有限责任公司,2.14
1,2010/9/27,2012/12/31,"徐然,马宁",北京高华证券有限责任公司,2.55
1,2010/9/3,2012/12/31,"魏涛,杨荣",中信建投证券有限责任公司,2.76
1,2010/9/3,2010/12/31,"魏涛,杨荣",中信建投证券有限责任公司,1.83
1,2010/9/3,2011/12/31,"魏涛,杨荣",中信建投证券有限责任公司,2.22
1,2010/9/2,2010/12/31,程宾宾,长城证券有限责任公司,
1,2010/9/2,2011/12/31,"邱志承,黄飙",国信证券股份有限公司,2.01
1,2010/9/2,2010/12/31,"邱志承,黄飙",国信证券股份有限公司,1.58
1,2010/9/2,2011/12/31,"孙鹏,袁琳",中国银行国际证券公司,1.521
1,2010/9/2,2012/12/31,"孙鹏,袁琳",中国银行国际证券公司,1.656
1,2010/9/2,2010/12/31,"孙鹏,袁琳",中国银行国际证券公司,1.628
1,2010/9/2,2011/12/31,程宾宾,长城证券有限责任公司,
1,2010/9/2,2012/12/31,程宾宾,长城证券有限责任公司,
1,2010/9/2,2011/12/31,"金麟,王鸣飞",东方证券股份有限公司,2.53
1,2010/9/2,2012/12/31,"金麟,王鸣飞",东方证券股份有限公司,3.02
1,2010/9/2,2010/12/31,黄秋菡,国海证券有限责任公司,
1,2010/9/2,2010/12/31,邓婷,国都证券有限责任公司,1.57
1,2010/9/2,2011/12/31,邓婷,国都证券有限责任公司,1.93
1,2010/9/2,2011/12/31,沐华,广发证券股份有限公司,2.59
1,2010/9/2,2012/12/31,沐华,广发证券股份有限公司,3.37
1,2010/9/2,2010/12/31,沐华,广发证券股份有限公司,1.92
1,2010/9/2,2012/12/31,张继袖,宏源证券股份有限公司,2.73
1,2010/9/2,2011/12/31,张继袖,宏源证券股份有限公司,2.26
1,2010/9/2,2010/12/31,张继袖,宏源证券股份有限公司,1.81
1,2010/9/2,2010/12/31,"金麟,王鸣飞",东方证券股份有限公司,2.05
1,2010/9/2,2010/12/31,程娇翼,齐鲁证券有限公司,1.69
1,2010/9/2,2012/12/31,程娇翼,齐鲁证券有限公司,2.32
1,2010/9/2,2011/12/31,程娇翼,齐鲁证券有限公司,2.04
1,2010/9/2,2011/12/31,黄秋菡,国海证券有限责任公司,
1,2010/9/2,2012/12/31,"邱志承,黄飙",国信证券股份有限公司,2.19
1,2010/9/1,2010/12/31,"吴畏,胡远川,曹晋",兴业证券股份有限公司,1.79
1,2010/9/1,2011/12/31,"吴畏,胡远川,曹晋",兴业证券股份有限公司,2.2
1,2010/9/1,2012/12/31,陈志华,长江证券股份有限公司,0.34
1,2010/9/1,2010/12/31,陈志华,长江证券股份有限公司,0.21
1,2010/9/1,2011/12/31,陈志华,长江证券股份有限公司,0.26
1,2010/9/1,2010/12/31,吴松凯,华泰联合证券有限责任公司,1.75
1,2010/9/1,2011/12/31,吴松凯,华泰联合证券有限责任公司,2.06
1,2010/8/31,2010/12/31,孙媛,国元证券股份有限公司,1.72
1,2010/8/31,2011/12/31,孙媛,国元证券股份有限公司,2.24
1,2010/8/30,2011/12/31,"伍永刚,王丽雯",国泰君安证券股份有限公司,2.29
1,2010/8/30,2010/12/31,"伍永刚,王丽雯",国泰君安证券股份有限公司,1.83
1,2010/8/30,2012/12/31,"伍永刚,王丽雯",国泰君安证券股份有限公司,2.79
1,2010/8/26,2010/12/31,郭敏,上海证券有限责任公司,1.83
1,2010/8/26,2011/12/31,郭敏,上海证券有限责任公司,2.09
1,2010/8/25,2010/12/31,饶明,信达证券股份有限公司,1.84
1,2010/8/25,2011/12/31,饶明,信达证券股份有限公司,2.35
1,2010/8/25,2011/12/31,"励雅敏,倪军",申银万国证券股份有限公司,2.29
1,2010/8/25,2010/12/31,"励雅敏,倪军",申银万国证券股份有限公司,1.65
1,2010/8/25,2011/12/31,吴松凯,华泰联合证券有限责任公司,2.06
1,2010/8/25,2010/12/31,吴松凯,华泰联合证券有限责任公司,1.67
1,2010/8/25,2011/12/31,"许国玉,陈耀邦",华泰证券股份有限公司,2.28
1,2010/8/25,2012/12/31,"许国玉,陈耀邦",华泰证券股份有限公司,2.81
1,2010/8/25,2010/12/31,"许国玉,陈耀邦",华泰证券股份有限公司,1.77
1,2010/8/25,2010/12/31,陈志华,长江证券股份有限公司,1.8
1,2010/8/25,2011/12/31,陈志华,长江证券股份有限公司,2.04
1,2010/8/25,2010/12/31,"沈维,冯钦远",光大证券股份有限公司,1.74
1,2010/8/25,2011/12/31,"沈维,冯钦远",光大证券股份有限公司,2.3
1,2010/8/25,2010/12/31,高利,华创证券经纪有限责任公司,1.79
1,2010/8/25,2011/12/31,高利,华创证券经纪有限责任公司,2.2
1,2010/8/25,2012/12/31,高利,华创证券经纪有限责任公司,2.76
1,2010/8/25,2010/12/31,"邱志承,黄飚",国信证券股份有限公司,1.58
1,2010/8/25,2011/12/31,"邱志承,黄飚",国信证券股份有限公司,2.01
1,2010/8/25,2012/12/31,"邱志承,黄飚",国信证券股份有限公司,2.19
1,2010/8/25,2010/12/31,"金麟,王鸣飞",东方证券股份有限公司,2.05
1,2010/8/25,2012/12/31,"金麟,王鸣飞",东方证券股份有限公司,3.02
1,2010/8/25,2011/12/31,"金麟,王鸣飞",东方证券股份有限公司,2.53
1,2010/8/25,2010/12/31,"叶云燕,杨欢",中国银河证券股份有限公司,1.83
1,2010/8/25,2011/12/31,"叶云燕,杨欢",中国银河证券股份有限公司,2.1
1,2010/8/25,2012/12/31,"叶云燕,杨欢",中国银河证券股份有限公司,2.53
1,2010/8/25,2010/12/31,"杨森,徐广福",湘财证券有限责任公司,1.88
1,2010/8/25,2011/12/31,"杨森,徐广福",湘财证券有限责任公司,2.42
1,2010/8/25,2012/12/31,"杨森,徐广福",湘财证券有限责任公司,2.92
1,2010/8/25,2012/12/31,沐华,广发证券股份有限公司,2.47
1,2010/8/25,2011/12/31,沐华,广发证券股份有限公司,2.12
1,2010/8/25,2010/12/31,沐华,广发证券股份有限公司,1.81
1,2010/8/25,2012/12/31,"孙鹏,袁琳",中国银行国际证券公司,1.828
1,2010/8/25,2011/12/31,"孙鹏,袁琳",中国银行国际证券公司,1.727
1,2010/8/25,2010/12/31,"孙鹏,袁琳",中国银行国际证券公司,1.632
1,2010/8/24,2011/12/31,"吴畏,胡远川,曹晋",兴业证券股份有限公司,2.161
1,2010/8/24,2010/12/31,"陈建刚,张英,李伟奇",国金证券股份有限公司,2.88
1,2010/8/24,2011/12/31,"陈建刚,张英,李伟奇",国金证券股份有限公司,3.54
1,2010/8/24,2012/12/31,"陈建刚,张英,李伟奇",国金证券股份有限公司,4.27
1,2010/8/24,2010/12/31,张继袖,宏源证券股份有限公司,1.81
1,2010/8/24,2011/12/31,张继袖,宏源证券股份有限公司,2.26
1,2010/8/24,2012/12/31,张继袖,宏源证券股份有限公司,2.73
1,2010/8/24,2010/12/31,"吴畏,胡远川,曹晋",兴业证券股份有限公司,1.795
1,2010/8/24,2010/12/31,黄秋菡,国海证券有限责任公司,1.89
1,2010/8/24,2011/12/31,黄秋菡,国海证券有限责任公司,2.26
1,2010/7/23,2010/12/31,"徐然,马宁",北京高华证券有限责任公司,1.86
1,2010/7/23,2011/12/31,"徐然,马宁",北京高华证券有限责任公司,2.32
1,2010/7/23,2012/12/31,"徐然,马宁",北京高华证券有限责任公司,2.65
1,2010/6/30,2010/12/31,张继袖,宏源证券股份有限公司,1.71
1,2010/6/30,2010/12/31,吴松凯,华泰联合证券有限责任公司,1.75
1,2010/6/30,2011/12/31,吴松凯,华泰联合证券有限责任公司,2.06
1,2010/6/29,2011/12/31,"吴畏,胡远川",兴业证券股份有限公司,2.47
1,2010/6/29,2010/12/31,"吴畏,胡远川",兴业证券股份有限公司,2.01
1,2010/5/28,2010/12/31,"邱志承,黄飙",国信证券股份有限公司,1.77
1,2010/5/28,2012/12/31,"邱志承,黄飙",国信证券股份有限公司,2.42
1,2010/5/28,2011/12/31,"邱志承,黄飙",国信证券股份有限公司,2.16
1,2010/5/27,2011/12/31,"余晓宜,沐华",广发证券股份有限公司,2.45
1,2010/5/27,2010/12/31,"余晓宜,沐华",广发证券股份有限公司,1.81
1,2010/5/27,2012/12/31,"余晓宜,沐华",广发证券股份有限公司,3.18
1,2010/5/26,2011/12/31,余晓宜,广发证券股份有限公司,2.45
1,2010/5/26,2012/12/31,余晓宜,广发证券股份有限公司,3.18
1,2010/5/26,2010/12/31,余晓宜,广发证券股份有限公司,1.81
1,2010/5/24,2010/12/31,"胡远川,张亿东",兴业证券股份有限公司,2.01
1,2010/5/24,2011/12/31,"胡远川,张亿东",兴业证券股份有限公司,2.47
1,2010/5/12,2009/12/31,刘英华,平安证券有限责任公司,1.62
1,2010/5/12,2010/12/31,刘英华,平安证券有限责任公司,1.76
1,2010/5/12,2011/12/31,刘英华,平安证券有限责任公司,2.18
1,2010/5/5,2009/12/31,刘英华,平安证券有限责任公司,1.62
1,2010/5/5,2010/12/31,刘英华,平安证券有限责任公司,1.76
1,2010/5/5,2011/12/31,刘英华,平安证券有限责任公司,2.18
1,2010/5/5,2011/12/31,励雅敏,申银万国证券股份有限公司,2.38
1,2010/5/5,2010/12/31,励雅敏,申银万国证券股份有限公司,1.8
1,2010/5/5,2011/12/31,"朱琰,程H,肖斐斐",中信证券股份有限公司,2.41
1,2010/5/5,2010/12/31,"朱琰,程H,肖斐斐",中信证券股份有限公司,1.99
1,2010/5/4,2010/12/31,"伍永刚,王丽雯",国泰君安证券股份有限公司,2.12
1,2010/5/4,2012/12/31,"伍永刚,王丽雯",国泰君安证券股份有限公司,3.22
1,2010/5/4,2011/12/31,"伍永刚,王丽雯",国泰君安证券股份有限公司,2.65
1,2010/4/30,2010/12/31,"伍永刚,王丽雯",国泰君安证券股份有限公司,2.12
1,2010/4/30,2011/12/31,"伍永刚,王丽雯",国泰君安证券股份有限公司,2.65
1,2010/4/30,2012/12/31,"伍永刚,王丽雯",国泰君安证券股份有限公司,3.22
1,2010/4/29,2011/12/31,励雅敏,申银万国证券股份有限公司,2.38
1,2010/4/29,2010/12/31,"金麟,王鸣飞",东方证券股份有限公司,2.06
1,2010/4/29,2011/12/31,"金麟,王鸣飞",东方证券股份有限公司,2.5
1,2010/4/29,2012/12/31,"金麟,王鸣飞",东方证券股份有限公司,3
1,2010/4/29,2010/12/31,石磊,天相投资顾问有限公司,1.73
1,2010/4/29,2011/12/31,石磊,天相投资顾问有限公司,2.14
1,2010/4/29,2012/12/31,刘俊,长江证券股份有限公司,1.82
1,2010/4/29,2012/12/31,高源,安信证券股份有限公司,1.82
1,2010/4/29,2012/12/31,袁琳,中国银行国际证券公司,1.82
1,2010/4/29,2010/12/31,"余晓宜,沐华,王浩",广发证券股份有限公司,1.81
1,2010/4/29,2011/12/31,"余晓宜,沐华,王浩",广发证券股份有限公司,2.45
1,2010/4/29,2012/12/31,"余晓宜,沐华,王浩",广发证券股份有限公司,3.18
1,2010/4/29,2011/12/31,高源,安信证券股份有限公司,2.16
1,2010/4/29,2011/12/31,袁琳,中国银行国际证券公司,2.16
1,2010/4/29,2011/12/31,刘俊,长江证券股份有限公司,2.09
1,2010/4/29,2010/12/31,刘俊,长江证券股份有限公司,1.73
1,2010/4/29,2010/12/31,高源,安信证券股份有限公司,1.78
1,2010/4/29,2010/12/31,袁琳,中国银行国际证券公司,1.78
1,2010/4/29,2010/12/31,,国海证券有限责任公司,1.78
1,2010/4/29,2011/12/31,,国海证券有限责任公司,2.16
1,2010/4/29,2010/12/31,"朱琰,程H,肖斐斐",中信证券股份有限公司,1.99
1,2010/4/29,2010/12/31,"徐然,程博为",北京高华证券有限责任公司,2
1,2010/4/29,2010/12/31,唐亚韫,东北证券股份有限公司,1.92
1,2010/4/29,2010/12/31,"邱志承,黄飙",国信证券股份有限公司,1.77
1,2010/4/29,2011/12/31,"邱志承,黄飙",国信证券股份有限公司,1.77
1,2010/4/29,2012/12/31,"邱志承,黄飙",国信证券股份有限公司,2.42
1,2010/4/29,2011/12/31,"朱琰,程H,肖斐斐",中信证券股份有限公司,2.41
1,2010/4/29,2011/12/31,"徐然,程博为",北京高华证券有限责任公司,2.48
1,2010/4/29,2010/12/31,励雅敏,申银万国证券股份有限公司,1.8
1,2010/4/29,2010/12/31,"胡远川,张亿东",兴业证券股份有限公司,2.005
1,2010/4/29,2011/12/31,"胡远川,张亿东",兴业证券股份有限公司,2.47
1,2010/4/29,2012/12/31,"胡远川,张亿东",兴业证券股份有限公司,2.651
1,2010/4/28,2011/12/31,张英,国金证券股份有限公司,1.952
1,2010/4/28,2012/12/31,张英,国金证券股份有限公司,2.236
1,2010/4/28,2010/12/31,张英,国金证券股份有限公司,1.691
1,2010/4/28,2009/12/31,张英,国金证券股份有限公司,1.62
1,2010/4/28,2012/12/31,鱼晋华,华泰联合证券有限责任公司,
1,2010/4/28,2010/12/31,鱼晋华,华泰联合证券有限责任公司,1.66
1,2010/4/28,2011/12/31,鱼晋华,华泰联合证券有限责任公司,1.96
1,2010/4/23,2010/12/31,李双武,万联证券有限责任公司,1.54
1,2010/4/23,2011/12/31,李双武,万联证券有限责任公司,2.35
1,2010/4/23,2012/12/31,李双武,万联证券有限责任公司,2.99
1,2010/3/24,2011/12/31,"刘晓昶,许国玉",华泰证券股份有限公司,2.48
1,2010/3/24,2010/12/31,"刘晓昶,许国玉",华泰证券股份有限公司,1.98
1,2010/3/24,2012/12/31,"刘晓昶,许国玉",华泰证券股份有限公司,2.97
1,2010/3/16,2011/12/31,"王泽军,李珂",华融证券股份有限公司,2.35
1,2010/3/16,2010/12/31,"王泽军,李珂",华融证券股份有限公司,1.82
1,2010/3/16,2011/12/31,胡建军,宏源证券股份有限公司,2.19
1,2010/3/16,2010/12/31,胡建军,宏源证券股份有限公司,1.74
1,2010/3/15,2010/12/31,胡远川,兴业证券股份有限公司,2.04
1,2010/3/15,2011/12/31,胡远川,兴业证券股份有限公司,2.54
1,2010/3/15,2011/12/31,郑宁,方正证券有限责任公司,2.05
1,2010/3/15,2010/12/31,郑宁,方正证券有限责任公司,1.85
1,2010/3/15,2011/12/31,高利,华创证券经纪有限责任公司,
1,2010/3/15,2010/12/31,高利,华创证券经纪有限责任公司,
1,2010/3/15,2011/12/31,张义勇,中邮证券有限责任公司,1.97
1,2010/3/15,2010/12/31,张义勇,中邮证券有限责任公司,1.8
1,2010/3/15,2011/12/31,陈曦,第一创业证券有限责任公司,
1,2010/3/15,2010/12/31,陈曦,第一创业证券有限责任公司,1.93
1,2010/3/15,2010/12/31,朱琰,中信证券股份有限公司,1.99
1,2010/3/15,2011/12/31,朱琰,中信证券股份有限公司,2.41
1,2010/3/15,2010/12/31,刘俊,长江证券有限责任公司,1.96
1,2010/3/15,2011/12/31,刘俊,长江证券有限责任公司,2.22
1,2010/3/14,2010/12/31,"余晓宜,沐华",广发证券股份有限公司,1.81
1,2010/3/14,2011/12/31,"余晓宜,沐华",广发证券股份有限公司,2.45
1,2010/3/14,2012/12/31,"余晓宜,沐华",广发证券股份有限公司,3.18
1,2010/3/12,2011/12/31,高源,安信证券股份有限公司,
1,2010/3/12,2010/12/31,程彬彬,齐鲁证券有限公司,1.83
1,2010/3/12,2011/12/31,程彬彬,齐鲁证券有限公司,2.4
1,2010/3/12,2009/12/31,程彬彬,齐鲁证券有限公司,1.62
1,2010/3/12,2010/12/31,"励雅敏,杨柳",申银万国证券股份有限公司,1.8
1,2010/3/12,2011/12/31,"励雅敏,杨柳",申银万国证券股份有限公司,2.38
1,2010/3/12,2010/12/31,"毛军华,罗景,鄢耀",中国国际金融有限公司,1.88
1,2010/3/12,2011/12/31,"毛军华,罗景,鄢耀",中国国际金融有限公司,2.36
1,2010/3/12,2010/12/31,王倩,招商证券股份有限公司,2.12
1,2010/3/12,2011/12/31,王倩,招商证券股份有限公司,2.67
1,2010/3/12,2009/12/31,徐然,北京高华证券有限责任公司,
1,2010/3/12,2011/12/31,吴松凯,华泰联合证券有限责任公司,2.19
1,2010/3/12,2010/12/31,吴松凯,华泰联合证券有限责任公司,1.69
1,2010/3/12,2010/12/31,沈维,光大证券股份有限公司,1.8
1,2010/3/12,2010/12/31,石磊,天相投资顾问有限公司,1.73
1,2010/3/12,2011/12/31,石磊,天相投资顾问有限公司,2.14
1,2010/3/12,2011/12/31,刘英华,平安证券有限责任公司,2.18
1,2010/3/12,2010/12/31,邱志承,国信证券股份有限公司,1.73
1,2010/3/12,2011/12/31,邱志承,国信证券股份有限公司,2.04
1,2010/3/12,2010/12/31,唐亚韫,东北证券股份有限公司,1.92
1,2010/3/12,2011/12/31,"魏涛,杨荣",中信建投证券有限责任公司,2.4
1,2010/3/12,2010/12/31,"魏涛,杨荣",中信建投证券有限责任公司,1.9
1,2010/3/12,2010/12/31,朱琰,中信证券股份有限公司,1.99
1,2010/3/12,2011/12/31,张景,中国民族证券有限责任公司,
1,2010/3/12,2012/12/31,张景,中国民族证券有限责任公司,
1,2010/3/12,2010/12/31,张景,中国民族证券有限责任公司,
1,2010/3/12,2011/12/31,徐然,北京高华证券有限责任公司,
1,2010/3/12,2010/12/31,徐然,北京高华证券有限责任公司,
1,2010/3/12,2010/12/31,李文,东海证券有限责任公司,2.1
1,2010/3/12,2011/12/31,李文,东海证券有限责任公司,2.7
1,2010/3/12,2011/12/31,沈维,光大证券股份有限公司,2.4
1,2010/3/12,2012/12/31,"金麟,王鸣飞",东方证券股份有限公司,3
1,2010/3/12,2011/12/31,"金麟,王鸣飞",东方证券股份有限公司,2.5
1,2010/3/12,2010/12/31,"金麟,王鸣飞",东方证券股份有限公司,2.06
1,2010/3/12,2010/12/31,刘英华,平安证券有限责任公司,1.76
1,2010/3/12,2009/12/31,刘英华,平安证券有限责任公司,1.62
1,2010/3/12,2009/12/31,"励雅敏,杨柳",申银万国证券股份有限公司,1.62
1,2010/3/12,2011/12/31,袁琳,中国银行国际证券公司,
1,2010/3/12,2010/12/31,袁琳,中国银行国际证券公司,
1,2010/3/12,2012/12/31,袁琳,中国银行国际证券公司,
1,2010/3/12,2011/12/31,朱琰,中信证券股份有限公司,2.41
1,2010/3/12,2010/12/31,高源,安信证券股份有限公司,
1,2010/3/12,2012/12/31,余晓宜,广发证券股份有限公司,3.18
1,2010/3/12,2011/12/31,余晓宜,广发证券股份有限公司,2.45
1,2010/3/12,2010/12/31,余晓宜,广发证券股份有限公司,1.81
1,2010/3/12,2010/12/31,"张英,陈建刚,李伟奇",国金证券股份有限公司,1.691
1,2010/3/12,2009/12/31,"张英,陈建刚,李伟奇",国金证券股份有限公司,1.62
1,2010/3/12,2011/12/31,"张英,陈建刚,李伟奇",国金证券股份有限公司,1.952
1,2010/3/12,2012/12/31,"张英,陈建刚,李伟奇",国金证券股份有限公司,2.236
1,2010/3/11,2010/12/31,唐亚韫,东北证券股份有限公司,1.92
1,2010/3/11,2010/12/31,胡远川,兴业证券股份有限公司,2.04
1,2010/3/11,2011/12/31,胡远川,兴业证券股份有限公司,2.539
1,2010/3/11,2012/12/31,胡远川,兴业证券股份有限公司,2.739
1,2010/2/23,2010/12/31,唐亚韫,东北证券股份有限公司,1.92
1,2010/2/23,2009/12/31,唐亚韫,东北证券股份有限公司,1.6
1,2010/1/27,2009/12/31,南汉馨,中原证券股份有限公司,1.6
1,2010/1/27,2010/12/31,"杨荣,魏涛",中信建投证券有限责任公司,1.9
1,2010/1/27,2011/12/31,"杨荣,魏涛",中信建投证券有限责任公司,2.4
1,2010/1/27,2009/12/31,"杨荣,魏涛",中信建投证券有限责任公司,1.6
1,2010/1/27,2010/12/31,程娇翼,齐鲁证券有限公司,1.73
1,2010/1/27,2009/12/31,程娇翼,齐鲁证券有限公司,1.6
1,2010/1/27,2011/12/31,程娇翼,齐鲁证券有限公司,2.24
1,2010/1/27,2010/12/31,"杨森,张倩,陈钢",湘财证券有限责任公司,1.75
1,2010/1/27,2011/12/31,"杨森,张倩,陈钢",湘财证券有限责任公司,2.3
1,2010/1/27,2011/12/31,朱琰,中信证券股份有限公司,2.3
1,2010/1/27,2009/12/31,朱琰,中信证券股份有限公司,1.6
1,2010/1/27,2010/12/31,朱琰,中信证券股份有限公司,1.93
1,2010/1/27,2009/12/31,"杨森,张倩,陈钢",湘财证券有限责任公司,1.61
1,2010/1/27,2010/12/31,"励雅敏,杨柳",申银万国证券股份有限公司,1.8
1,2010/1/27,2009/12/31,"励雅敏,杨柳",申银万国证券股份有限公司,1.4
1,2010/1/27,2011/12/31,胡远川,兴业证券股份有限公司,2.38
1,2010/1/27,2010/12/31,胡远川,兴业证券股份有限公司,2.01
1,2010/1/27,2010/12/31,南汉馨,中原证券股份有限公司,1.99
1,2010/1/27,2009/12/31,"邱志承,黄飙",国信证券有限责任公司,1.61
1,2010/1/27,2010/12/31,"邱志承,黄飙",国信证券有限责任公司,1.75
1,2010/1/27,2011/12/31,"邱志承,黄飙",国信证券有限责任公司,2.11
1,2010/1/26,2009/12/31,张继袖,渤海证券有限责任公司,1.6
1,2010/1/26,2010/12/31,张继袖,渤海证券有限责任公司,1.9
1,2010/1/26,2011/12/31,张继袖,渤海证券有限责任公司,2.74
1,2010/1/26,2010/12/31,"金麟,王鸣飞",东方证券股份有限公司,
1,2010/1/26,2009/12/31,"金麟,王鸣飞",东方证券股份有限公司,
1,2010/1/26,2011/12/31,"金麟,王鸣飞",东方证券股份有限公司,
1,2010/1/13,2009/12/31,孙旭,瑞银证券有限责任公司,1.57
1,2010/1/13,2010/12/31,孙旭,瑞银证券有限责任公司,1.73
1,2010/1/13,2011/12/31,孙旭,瑞银证券有限责任公司,2.34
1,2010/1/12,2009/12/31,南汉馨,中原证券股份有限公司,1.53
1,2010/1/12,2010/12/31,南汉馨,中原证券股份有限公司,1.7
1,2010/1/10,2011/12/31,"余晓宜,沐华",广发证券股份有限公司,2.03
1,2010/1/10,2010/12/31,"余晓宜,沐华",广发证券股份有限公司,1.79
1,2010/1/10,2009/12/31,"余晓宜,沐华",广发证券股份有限公司,1.52
1,2010/1/6,2011/12/31,程娇翼,齐鲁证券有限公司,2.27
1,2010/1/6,2010/12/31,程娇翼,齐鲁证券有限公司,1.75
1,2010/1/6,2009/12/31,程娇翼,齐鲁证券有限公司,1.55
1,2009/12/29,2010/12/31,"杨森,张倩,陈钢",湘财证券有限责任公司,1.64
1,2009/12/29,2011/12/31,"杨森,张倩,陈钢",湘财证券有限责任公司,2.12
1,2009/12/29,2009/12/31,"杨森,张倩,陈钢",湘财证券有限责任公司,1.53
1,2009/12/3,2010/12/31,高利,华创证券经纪有限责任公司,1.56
1,2009/12/3,2011/12/31,高利,华创证券经纪有限责任公司,2.01
1,2009/12/3,2009/12/31,高利,华创证券经纪有限责任公司,1.48
1,2009/11/20,2011/12/31,"杨森,张倩,陈钢",湘财证券有限责任公司,2.14
1,2009/11/20,2010/12/31,"杨森,张倩,陈钢",湘财证券有限责任公司,1.63
1,2009/11/20,2009/12/31,"杨森,张倩,陈钢",湘财证券有限责任公司,1.52
1,2009/11/2,2010/12/31,"余晓宜,沐华",广发证券股份有限公司,1.79
1,2009/11/2,2011/12/31,"余晓宜,沐华",广发证券股份有限公司,2.03
1,2009/11/2,2009/12/31,"余晓宜,沐华",广发证券股份有限公司,1.52
1,2009/10/30,2009/12/31,陈水祥,中国建银投资证券有限责任公司,1.22
1,2009/10/30,2011/12/31,陈水祥,中国建银投资证券有限责任公司,1.66
1,2009/10/30,2010/12/31,陈水祥,中国建银投资证券有限责任公司,1.44
1,2009/10/29,2009/12/31,"陈桂柳,宁宇",东莞证券有限责任公司,1.56
1,2009/10/29,2010/12/31,"陈桂柳,宁宇",东莞证券有限责任公司,1.99
1,2009/10/29,2011/12/31,"周俊,吴松凯",华泰联合证券有限责任公司,1.9
1,2009/10/29,2009/12/31,"周俊,吴松凯",华泰联合证券有限责任公司,1.51
1,2009/10/29,2009/12/31,俞冲,世纪证券有限责任公司,1.53
1,2009/10/29,2010/12/31,俞冲,世纪证券有限责任公司,1.75
1,2009/10/29,2011/12/31,俞冲,世纪证券有限责任公司,1.96
1,2009/10/29,2009/12/31,吴小玲,长城证券有限责任公司,1.32
1,2009/10/29,2010/12/31,吴小玲,长城证券有限责任公司,1.63
1,2009/10/29,2009/12/31,"杨森,张倩",湘财证券有限责任公司,1.58
1,2009/10/29,2009/12/31,朱焱,中信证券股份有限公司,1.47
1,2009/10/29,2009/12/31,袁琳,中银国际证券有限责任公司,1.197
1,2009/10/29,2010/12/31,袁琳,中银国际证券有限责任公司,1.083
1,2009/10/29,2010/12/31,石磊,天相投资顾问有限公司,2.03
1,2009/10/29,2010/12/31,朱焱,中信证券股份有限公司,1.65
1,2009/10/29,2009/12/31,石磊,天相投资顾问有限公司,1.62
1,2009/10/29,2011/12/31,袁琳,中银国际证券有限责任公司,1.004
1,2009/10/29,2010/12/31,"杨森,张倩",湘财证券有限责任公司,1.61
1,2009/10/29,2009/12/31,刘俊,长江证券股份有限公司,1.61
1,2009/10/29,2011/12/31,刘俊,长江证券股份有限公司,2.22
1,2009/10/29,2010/12/31,刘俊,长江证券股份有限公司,1.96
1,2009/10/29,2010/12/31,"周俊,吴松凯",华泰联合证券有限责任公司,1.53
1,2009/10/29,2010/12/31,唐亚韫,东北证券股份有限公司,1.59
1,2009/10/29,2009/12/31,唐亚韫,东北证券股份有限公司,1.45
1,2009/10/29,2011/12/31,"毛军华,罗景,鄢耀",中国国际金融有限公司,2.38
1,2009/10/29,2010/12/31,"毛军华,罗景,鄢耀",中国国际金融有限公司,1.81
1,2009/10/29,2009/12/31,"毛军华,罗景,鄢耀",中国国际金融有限公司,1.34
1,2009/10/28,2010/12/31,"高源,柳世庆",安信证券股份有限公司,
1,2009/10/28,2011/12/31,"高源,柳世庆",安信证券股份有限公司,
1,2009/10/28,2009/12/31,"高源,柳世庆",安信证券股份有限公司,
1,2009/10/26,2010/12/31,"杨柳,励雅敏",申银万国证券股份有限公司,1.7
1,2009/10/26,2009/12/31,"杨柳,励雅敏",申银万国证券股份有限公司,1.26
1,2009/9/1,2009/12/31,刘晓昶,华泰证券股份有限公司,1.36
1,2009/8/24,2010/12/31,李文,东海证券股份有限公司,2.05
1,2009/8/24,2011/12/31,"孙旭,王瑶平,何俊恒",瑞银证券有限责任公司,2.53
1,2009/8/24,2009/12/31,"孙旭,王瑶平,何俊恒",瑞银证券有限责任公司,1.32
1,2009/8/24,2010/12/31,"孙旭,王瑶平,何俊恒",瑞银证券有限责任公司,1.72
1,2009/8/24,2009/12/31,李文,东海证券股份有限公司,1.58
1,2009/8/24,2009/12/31,南汉馨,中原证券股份有限公司,1.24
1,2009/8/24,2010/12/31,南汉馨,中原证券股份有限公司,1.54
1,2009/8/23,2009/12/31,邓婷,国都证券有限责任公司,1.45
1,2009/8/23,2010/12/31,邓婷,国都证券有限责任公司,1.73
1,2009/8/21,2010/12/31,郭敏,上海证券有限责任公司,1.313
1,2009/8/21,2010/12/31,李珊珊,招商证券股份有限公司,1.58
1,2009/8/21,2010/12/31,"邱志承,黄飙",国信证券股份有限公司,1.46
1,2009/8/21,2010/12/31,沈维,光大证券股份有限公司,1.88
1,2009/8/21,2010/12/31,"王逸峰,石磊",天相投资顾问有限公司,1.85
1,2009/8/21,2010/12/31,"伍永刚,王丽雯",国泰君安证券股份有限公司,1.86
1,2009/8/21,2011/12/31,李珊珊,招商证券股份有限公司,1.85
1,2009/8/21,2011/12/31,"伍永刚,王丽雯",国泰君安证券股份有限公司,2.25
1,2009/8/21,2011/12/31,沈维,光大证券股份有限公司,2.39
1,2009/8/21,2010/12/31,袁琳,中银国际证券有限责任公司,1.12
1,2009/8/21,2011/12/31,袁琳,中银国际证券有限责任公司,1.047
1,2009/8/21,2010/12/31,"毛军华,罗景",中国国际金融有限公司,1.79
1,2009/8/21,2011/12/31,"毛军华,罗景",中国国际金融有限公司,2.43
1,2009/8/21,2009/12/31,"伍永刚,王丽雯",国泰君安证券股份有限公司,1.56
1,2009/8/21,2009/12/31,沈维,光大证券股份有限公司,1.41
1,2009/8/21,2009/12/31,李珊珊,招商证券股份有限公司,1.21
1,2009/8/21,2009/12/31,袁琳,中银国际证券有限责任公司,1.202
1,2009/8/21,2009/12/31,"毛军华,罗景",中国国际金融有限公司,1.34
1,2009/8/21,2009/12/31,"王倩,励雅敏",申银万国证券股份有限公司,1.5
1,2009/8/21,2009/12/31,"邱志承,黄飙",国信证券股份有限公司,1.3
1,2009/8/21,2009/12/31,"王逸峰,石磊",天相投资顾问有限公司,1.53
1,2009/8/21,2010/12/31,"王倩,励雅敏",申银万国证券股份有限公司,1.89
1,2009/8/21,2010/12/31,"朱琰,肖斐斐",中信证券股份有限公司,1.65
1,2009/8/21,2009/12/31,"朱琰,肖斐斐",中信证券股份有限公司,1.47
1,2009/8/21,2009/12/31,郑宁,方正证券有限责任公司,1.49
1,2009/8/21,2010/12/31,程娇翼,齐鲁证券有限公司,1.82
1,2009/8/21,2009/12/31,程娇翼,齐鲁证券有限公司,1.51
1,2009/8/21,2009/12/31,郭敏,上海证券有限责任公司,1.14
1,2009/8/21,2010/12/31,郑宁,方正证券有限责任公司,1.56
1,2009/8/20,2010/12/31,,国海证券股份有限公司,2
1,2009/8/20,2011/12/31,,国海证券股份有限公司,2.61
1,2009/8/20,2009/12/31,,国海证券股份有限公司,1.46
1,2009/8/20,2009/12/31,"周俊,吴松凯",联合证券有限责任公司,1.23
1,2009/8/20,2010/12/31,"周俊,吴松凯",联合证券有限责任公司,1.38
1,2009/8/20,2011/12/31,"周俊,吴松凯",联合证券有限责任公司,1.83
1,2009/8/19,2010/12/31,陈水祥,中国建银投资证券有限责任公司,1.44
1,2009/8/19,2011/12/31,陈水祥,中国建银投资证券有限责任公司,1.66
1,2009/8/19,2009/12/31,陈水祥,中国建银投资证券有限责任公司,1.22
1,2009/8/3,2010/12/31,王明芬,南京证券有限责任公司,1.72
1,2009/8/3,2009/12/31,王明芬,南京证券有限责任公司,1.12
1,2009/7/22,2010/12/31,王明芬,南京证券有限责任公司,1.72
1,2009/7/22,2009/12/31,王明芬,南京证券有限责任公司,1.12
1,2009/6/30,2009/12/31,陈水祥,中国建银投资证券有限责任公司,1.22
1,2009/6/30,2010/12/31,陈水祥,中国建银投资证券有限责任公司,1.44
1,2009/6/30,2011/12/31,陈水祥,中国建银投资证券有限责任公司,1.66
1,2009/6/19,2010/12/31,"周俊,吴松凯",联合证券有限责任公司,1.38
1,2009/6/19,2009/12/31,"周俊,吴松凯",联合证券有限责任公司,1.23
1,2009/6/19,2011/12/31,"周俊,吴松凯",联合证券有限责任公司,1.83
1,2009/6/16,2009/12/31,伍永刚,国泰君安证券股份有限公司,
1,2009/6/16,2010/12/31,伍永刚,国泰君安证券股份有限公司,
1,2009/6/15,2010/12/31,"余晓宜,沐华",广发证券股份有限公司,1.35
1,2009/6/15,2011/12/31,"余晓宜,沐华",广发证券股份有限公司,1.55
1,2009/6/15,2009/12/31,"余晓宜,沐华",广发证券股份有限公司,1.24
1,2009/6/15,2009/12/31,李珊珊,招商证券股份有限公司,1.21
1,2009/6/15,2011/12/31,李珊珊,招商证券股份有限公司,1.47
1,2009/6/15,2010/12/31,李珊珊,招商证券股份有限公司,1.3
1,2009/6/15,2011/12/31,"邱志承,黄飙,谈煊",国信证券有限责任公司,1.43
1,2009/6/15,2009/12/31,"邱志承,黄飙,谈煊",国信证券有限责任公司,1.23
1,2009/6/15,2010/12/31,"邱志承,黄飙,谈煊",国信证券有限责任公司,1.25
1,2009/6/15,2009/12/31,袁琳,中银国际证券有限责任公司,1.265
1,2009/6/15,2009/12/31,朱琰,中信证券股份有限公司,0.2
1,2009/6/15,2010/12/31,袁琳,中银国际证券有限责任公司,1.18
1,2009/6/15,2011/12/31,朱琰,中信证券股份有限公司,1.65
1,2009/6/15,2010/12/31,朱琰,中信证券股份有限公司,1.47
1,2009/6/15,2011/12/31,袁琳,中银国际证券有限责任公司,1.088
1,2009/6/15,2009/12/31,郭敏,上海证券有限责任公司,1.311
1,2009/6/15,2009/12/31,"毛军华,罗景",中国国际金融有限公司,1.31
1,2009/6/15,2009/12/31,"孙旭,王瑶平,何俊恒",瑞银证券有限责任公司,1.29
1,2009/6/15,2010/12/31,郭敏,上海证券有限责任公司,1.505
1,2009/6/15,2010/12/31,"毛军华,罗景",中国国际金融有限公司,1.74
1,2009/6/15,2010/12/31,"孙旭,王瑶平,何俊恒",瑞银证券有限责任公司,1.54
1,2009/6/15,2011/12/31,"孙旭,王瑶平,何俊恒",瑞银证券有限责任公司,2.22
1,2009/6/15,2009/12/31,刘英华,平安证券有限责任公司,1.25
1,2009/6/15,2010/12/31,唐亚韫,东北证券股份有限公司,1.59
1,2009/6/15,2009/12/31,唐亚韫,东北证券股份有限公司,1.45
1,2009/6/14,2009/12/31,李文,东海证券有限责任公司,1.03
1,2009/6/14,2010/12/31,李文,东海证券有限责任公司,1.44
1,2009/6/13,2009/12/31,张继袖,渤海证券有限责任公司,1.11
1,2009/6/13,2010/12/31,张继袖,渤海证券有限责任公司,1.21
1,2009/5/25,2009/12/31,李珊珊,招商证券股份有限公司,1.4
1,2009/5/25,2010/12/31,李珊珊,招商证券股份有限公司,1.51
1,2009/5/25,2011/12/31,李珊珊,招商证券股份有限公司,1.7
1,2009/4/27,2009/12/31,"邱志承,黄飙",国信证券有限责任公司,
1,2009/4/24,2009/12/31,"毛军华,罗景",中国国际金融有限公司,1.26
1,2009/4/24,2010/12/31,"毛军华,罗景",中国国际金融有限公司,1.43
1,2009/4/24,2010/12/31,陈水祥,中国建银投资证券有限责任公司,1.68
1,2009/4/24,2009/12/31,陈水祥,中国建银投资证券有限责任公司,1.5
1,2009/4/24,2009/12/31,朱琰,中信证券股份有限公司,1.47
1,2009/4/24,2010/12/31,朱琰,中信证券股份有限公司,1.65
1,2009/4/24,2009/12/31,"邱志承,黄飙,谈煊",国信证券有限责任公司,1.26
1,2009/4/24,2009/12/31,"赵琳,王瑶平,何俊恒",瑞银证券有限责任公司,1.39
1,2009/4/24,2010/12/31,"赵琳,王瑶平,何俊恒",瑞银证券有限责任公司,1.73
1,2009/4/24,2011/12/31,"赵琳,王瑶平,何俊恒",瑞银证券有限责任公司,2.57
1,2009/4/24,2009/12/31,"伍永刚,邱冠华",国泰君安证券股份有限公司,1.67
1,2009/4/24,2010/12/31,"伍永刚,邱冠华",国泰君安证券股份有限公司,1.92
1,2009/4/24,2011/12/31,"伍永刚,邱冠华",国泰君安证券股份有限公司,2.27
1,2009/4/24,2011/12/31,"邱志承,黄飙,谈煊",国信证券有限责任公司,0.2
1,2009/4/24,2010/12/31,"邱志承,黄飙,谈煊",国信证券有限责任公司,1.44
1,2009/4/24,2010/12/31,唐亚韫,东北证券股份有限公司,1.59
1,2009/4/24,2009/12/31,唐亚韫,东北证券股份有限公司,1.45
1,2009/4/24,2010/12/31,郭敏,上海证券有限责任公司,1.505
1,2009/4/24,2010/12/31,吴小玲,长城证券有限责任公司,1.52
1,2009/4/24,2009/12/31,郭敏,上海证券有限责任公司,1.311
1,2009/4/24,2009/12/31,吴小玲,长城证券有限责任公司,1.39
1,2009/4/24,2011/12/31,陈水祥,中国建银投资证券有限责任公司,1.96
1,2009/4/23,2009/12/31,"金麟,蔡荣",光大证券股份有限公司,1.37
1,2009/4/23,2010/12/31,"金麟,蔡荣",光大证券股份有限公司,1.87
1,2009/4/23,2011/12/31,"金麟,蔡荣",光大证券股份有限公司,2.47
1,2009/4/23,2009/12/31,李珊珊,招商证券股份有限公司,1.44
1,2009/4/23,2010/12/31,李珊珊,招商证券股份有限公司,1.51
1,2009/4/23,2010/12/31,张继袖,渤海证券有限责任公司,1.21
1,2009/4/23,2009/12/31,张继袖,渤海证券有限责任公司,1.11
1,2009/4/23,2009/12/31,"徐然,高钥群",北京高华证券有限责任公司,1.3
1,2009/4/23,2010/12/31,"徐然,高钥群",北京高华证券有限责任公司,1.43
1,2009/4/23,2011/12/31,"徐然,高钥群",北京高华证券有限责任公司,1.9
1,2009/3/24,2010/12/31,吴小玲,长城证券有限责任公司,1.56
1,2009/3/24,2009/12/31,吴小玲,长城证券有限责任公司,1.38
1,2009/3/23,2009/12/31,"邱志承,黄飙,谈煊",国信证券有限责任公司,1.15
1,2009/3/23,2009/12/31,"伍永刚,邱冠华",国泰君安证券股份有限公司,1.67
1,2009/3/23,2010/12/31,"邱志承,黄飙,谈煊",国信证券有限责任公司,1.39
1,2009/3/23,2011/12/31,"邱志承,黄飙,谈煊",国信证券有限责任公司,1.79
1,2009/3/23,2010/12/31,"伍永刚,邱冠华",国泰君安证券股份有限公司,1.92
1,2009/3/23,2011/12/31,"伍永刚,邱冠华",国泰君安证券股份有限公司,2.27
1,2009/3/22,2008/12/31,"余晓宜,沐华",广发证券股份有限公司,0.2
1,2009/3/22,2009/12/31,"余晓宜,沐华",广发证券股份有限公司,1.66
1,2009/3/22,2010/12/31,"余晓宜,沐华",广发证券股份有限公司,1.81
1,2009/3/20,2010/12/31,"赵琳,王瑶平",瑞银证券有限责任公司,1.73
1,2009/3/20,2011/12/31,"赵琳,王瑶平",瑞银证券有限责任公司,2.57
1,2009/3/20,2009/12/31,郭敏,上海证券有限责任公司,1.22
1,2009/3/20,2009/12/31,"赵琳,王瑶平",瑞银证券有限责任公司,1.39
1,2009/3/20,2010/12/31,郭敏,上海证券有限责任公司,1.297
1,2009/3/20,2008/12/31,陈水祥,中国建银投资证券有限责任公司,0.2
1,2009/3/20,2010/12/31,陈水祥,中国建银投资证券有限责任公司,1.68
1,2009/3/20,2009/12/31,陈水祥,中国建银投资证券有限责任公司,1.5
1,2009/3/20,2009/12/31,刘晓昶,华泰证券股份有限公司,1.36
1,2009/3/20,2010/12/31,刘晓昶,华泰证券股份有限公司,1.56
1,2009/3/20,2010/12/31,李文,东海证券有限责任公司,1.71
1,2009/3/20,2009/12/31,袁琳,中银国际证券有限责任公司,1.28
1,2009/3/20,2010/12/31,李珊珊,招商证券股份有限公司,1.39
1,2009/3/20,2010/12/31,范坤祥,海通证券股份有限公司,1.61
1,2009/3/20,2011/12/31,范坤祥,海通证券股份有限公司,1.96
1,2009/3/20,2010/12/31,袁琳,中银国际证券有限责任公司,0.94
1,2009/3/20,2011/12/31,袁琳,中银国际证券有限责任公司,1.25
1,2009/3/20,2010/12/31,"邱志承,黄飙,谈煊",国信证券有限责任公司,1.22
1,2009/3/20,2009/12/31,范坤祥,海通证券股份有限公司,1.09
1,2009/3/20,2009/12/31,毛军华,中国国际金融有限公司,1.26
1,2009/3/20,2009/12/31,李珊珊,招商证券股份有限公司,1.29
1,2009/3/20,2009/12/31,"邱志承,黄飙,谈煊",国信证券有限责任公司,1.05
1,2009/3/20,2009/12/31,李文,东海证券有限责任公司,1.22
1,2009/3/20,2010/12/31,毛军华,中国国际金融有限公司,1.43
1,2009/3/20,2009/12/31,"王逸峰,姚轶楠,石磊",天相投资顾问有限公司,1.05
1,2009/3/20,2010/12/31,"王逸峰,姚轶楠,石磊",天相投资顾问有限公司,1.46
1,2009/3/20,2010/12/31,唐亚韫,东北证券股份有限公司,1.59
1,2009/3/20,2009/12/31,唐亚韫,东北证券股份有限公司,1.45
1,2009/3/19,2009/12/31,高源,安信证券股份有限公司,1.58
1,2009/3/19,2009/12/31,程娇翼,齐鲁证券有限公司,1.44
1,2009/3/19,2010/12/31,程娇翼,齐鲁证券有限公司,1.73
1,2009/3/5,2009/12/31,张炎,大通证券股份有限公司,
1,2009/2/9,2009/12/31,高源,安信证券股份有限公司,1.71
1,2009/2/9,2008/12/31,高源,安信证券股份有限公司,0.45
1,2009/1/15,2009/12/31,"伍永刚,邱冠华,王丽雯",国泰君安证券股份有限公司,1.453
1,2009/1/15,2008/12/31,"伍永刚,邱冠华,王丽雯",国泰君安证券股份有限公司,0.193
1,2009/1/15,2008/12/31,郑宁,方正证券有限责任公司,0.22
1,2009/1/14,2010/12/31,胡建军,宏源证券股份有限公司,1.45
1,2009/1/14,2009/12/31,胡建军,宏源证券股份有限公司,1.29
1,2009/1/13,2010/12/31,王保伦,东兴证券股份有限公司,1.12
1,2009/1/13,2010/12/31,"王瑶平,赵琳",瑞银证券有限责任公司,1.68
1,2009/1/13,2009/12/31,程娇翼,齐鲁证券有限公司,1.44
1,2009/1/13,2008/12/31,"王瑶平,赵琳",瑞银证券有限责任公司,1.36
1,2009/1/13,2008/12/31,朱琰,中信证券股份有限公司,0.2
1,2009/1/13,2008/12/31,李珊珊,招商证券股份有限公司,0.19
1,2009/1/13,2008/12/31,黄秋菡,第一创业证券有限责任公司,0.18
1,2009/1/13,2008/12/31,"毛军华,罗景",中国国际金融有限公司,
1,2009/1/13,2008/12/31,邓婷,国都证券有限责任公司,0.2
1,2009/1/13,2008/12/31,"黄飙,谈煊",国信证券有限责任公司,0.2
1,2009/1/13,2008/12/31,程娇翼,齐鲁证券有限公司,0.2
1,2009/1/13,2009/12/31,"毛军华,罗景",中国国际金融有限公司,1.03
1,2009/1/13,2009/12/31,李珊珊,招商证券股份有限公司,1.46
1,2009/1/13,2009/12/31,"黄飙,谈煊",国信证券有限责任公司,1.22
1,2009/1/13,2009/12/31,黄秋菡,第一创业证券有限责任公司,1.74
1,2009/1/13,2009/12/31,邓婷,国都证券有限责任公司,1.28
1,2009/1/13,2009/12/31,朱琰,中信证券股份有限公司,1.25
1,2009/1/13,2009/12/31,王保伦,东兴证券股份有限公司,0.97
1,2009/1/13,2010/12/31,黄秋菡,第一创业证券有限责任公司,2.42
1,2009/1/13,2010/12/31,"黄飙,谈煊",国信证券有限责任公司,1.3
1,2009/1/13,2009/12/31,"王瑶平,赵琳",瑞银证券有限责任公司,1.38
1,2009/1/13,2010/12/31,程娇翼,齐鲁证券有限公司,1.79
1,2009/1/13,2010/12/31,邓婷,国都证券有限责任公司,1.42
1,2009/1/13,2010/12/31,"毛军华,罗景",中国国际金融有限公司,1.08
1,2009/1/13,2010/12/31,李珊珊,招商证券股份有限公司,1.73
1,2009/1/13,2010/12/31,朱琰,中信证券股份有限公司,1.3
1,2009/1/12,2010/12/31,金麟,光大证券股份有限公司,1.53
1,2009/1/12,2008/12/31,金麟,光大证券股份有限公司,1.82
1,2009/1/12,2009/12/31,金麟,光大证券股份有限公司,1.4
1,2009/1/12,2009/12/31,伍永刚,国泰君安证券股份有限公司,1.45
1,2009/1/12,2009/12/31,高源,安信证券股份有限公司,1.6
1,2008/10/29,2008/12/31,赵君,西南证券有限责任公司,1.75
1,2008/10/29,2009/12/31,赵君,西南证券有限责任公司,1.75
1,2008/10/27,2010/12/31,佘闵华,中信建投证券有限责任公司,2.4
1,2008/10/27,2008/12/31,佘闵华,中信建投证券有限责任公司,1.89
1,2008/10/27,2009/12/31,佘闵华,中信建投证券有限责任公司,2.09
1,2008/10/27,2008/12/31,吴小玲,长城证券有限责任公司,1.71
1,2008/10/27,2009/12/31,吴小玲,长城证券有限责任公司,1.6
1,2008/10/27,2008/12/31,刘晓昶,华泰证券股份有限公司,1.71
1,2008/10/27,2010/12/31,刘晓昶,华泰证券股份有限公司,2.9
1,2008/10/27,2009/12/31,刘晓昶,华泰证券股份有限公司,2.25
1,2008/10/26,2010/12/31,李双武,万联证券有限责任公司,2.13
1,2008/10/26,2009/12/31,李双武,万联证券有限责任公司,1.81
1,2008/10/26,2008/12/31,李双武,万联证券有限责任公司,1.73
1,2008/10/24,2008/12/31,唐亚韫,东北证券股份有限公司,1.45
1,2008/10/24,2010/12/31,"黄飙,谈煊",国信证券有限责任公司,
1,2008/10/24,2009/12/31,朱琰,中信证券股份有限公司,1.63
1,2008/10/24,2010/12/31,黄秋菡,第一创业证券有限责任公司,2
1,2008/10/24,2010/12/31,"邱志承,范坤祥",海通证券股份有限公司,1.57
1,2008/10/24,2010/12/31,朱琰,中信证券股份有限公司,1.79
1,2008/10/24,2010/12/31,"毛军华,罗景",中国国际金融有限公司,
1,2008/10/24,2010/12/31,聂鸿翔,新时代证券有限责任公司,2.04
1,2008/10/24,2010/12/31,李珊珊,招商证券股份有限公司,2.09
1,2008/10/24,2010/12/31,"金麟,蔡荣",光大证券股份有限公司,2.16
1,2008/10/24,2010/12/31,袁琳,中银国际证券有限责任公司,1.44
1,2008/10/24,2010/12/31,张继袖,渤海证券有限责任公司,1.6
1,2008/10/24,2011/12/31,"邱志承,范坤祥",海通证券股份有限公司,1.92
1,2008/10/24,2009/12/31,张继袖,渤海证券有限责任公司,1.58
1,2008/10/24,2009/12/31,袁琳,中银国际证券有限责任公司,1.79
1,2008/10/24,2009/12/31,"毛军华,罗景",中国国际金融有限公司,
1,2008/10/24,2009/12/31,聂鸿翔,新时代证券有限责任公司,1.85
1,2008/10/24,2009/12/31,李珊珊,招商证券股份有限公司,1.85
1,2008/10/24,2009/12/31,"邱志承,范坤祥",海通证券股份有限公司,1.47
1,2008/10/24,2008/12/31,"毛军华,罗景",中国国际金融有限公司,
1,2008/10/24,2008/12/31,李珊珊,招商证券股份有限公司,1.79
1,2008/10/24,2008/12/31,"金麟,蔡荣",光大证券股份有限公司,1.84
1,2008/10/24,2008/12/31,黄秋菡,第一创业证券有限责任公司,1.55
1,2008/10/24,2008/12/31,黄凡,东莞证券有限责任公司,1.82
1,2008/10/24,2008/12/31,"黄飙,谈煊",国信证券有限责任公司,1.74
1,2008/10/24,2008/12/31,朱琰,中信证券股份有限公司,1.5
1,2008/10/24,2008/12/31,"邱志承,范坤祥",海通证券股份有限公司,1.63
1,2008/10/24,2008/12/31,聂鸿翔,新时代证券有限责任公司,1.71
1,2008/10/24,2008/12/31,张继袖,渤海证券有限责任公司,1.72
1,2008/10/24,2008/12/31,袁琳,中银国际证券有限责任公司,1.96
1,2008/10/24,2009/12/31,"黄飙,谈煊",国信证券有限责任公司,1.88
1,2008/10/24,2009/12/31,黄秋菡,第一创业证券有限责任公司,1.75
1,2008/10/24,2009/12/31,"金麟,蔡荣",光大证券股份有限公司,1.66
1,2008/10/24,2009/12/31,唐亚韫,东北证券股份有限公司,1.58
1,2008/10/23,2010/12/31,"伍永刚,姜洋",国泰君安证券股份有限公司,2.68
1,2008/10/23,2008/12/31,"伍永刚,姜洋",国泰君安证券股份有限公司,1.83
1,2008/10/23,2009/12/31,"伍永刚,姜洋",国泰君安证券股份有限公司,2.23
1,2008/9/26,2009/12/31,朱琰,中信证券股份有限公司,1.81
1,2008/9/26,2010/12/31,邱志承,海通证券股份有限公司,1.87
1,2008/9/26,2010/12/31,朱琰,中信证券股份有限公司,1.99
1,2008/9/26,2011/12/31,邱志承,海通证券股份有限公司,2.11
1,2008/9/26,2008/12/31,邱志承,海通证券股份有限公司,1.6
1,2008/9/26,2009/12/31,邱志承,海通证券股份有限公司,1.72
1,2008/9/26,2010/12/31,"毛军华,罗景",中国国际金融有限公司,
1,2008/9/26,2009/12/31,"毛军华,罗景",中国国际金融有限公司,
1,2008/9/26,2008/12/31,"毛军华,罗景",中国国际金融有限公司,
1,2008/9/25,2009/12/31,伍永刚,国泰君安证券股份有限公司,
1,2008/9/25,2008/12/31,伍永刚,国泰君安证券股份有限公司,
1,2008/9/25,2008/12/31,李珊珊,招商证券股份有限公司,
1,2008/8/29,2008/12/31,南汉馨,中原证券股份有限公司,1.71
1,2008/8/29,2009/12/31,南汉馨,中原证券股份有限公司,2.26
1,2008/8/26,2009/12/31,余晓宜,广发证券股份有限公司,2.19
1,2008/8/26,2008/12/31,余晓宜,广发证券股份有限公司,1.68
1,2008/8/26,2010/12/31,余晓宜,广发证券股份有限公司,2.74
1,2008/8/25,2010/12/31,"范坤祥,邱志承",海通证券股份有限公司,1.99
1,2008/8/25,2008/12/31,"范坤祥,邱志承",海通证券股份有限公司,1.62
1,2008/8/25,2009/12/31,"范坤祥,邱志承",海通证券股份有限公司,1.78
1,2008/8/23,2008/12/31,王倩,兴业证券股份有限公司,1.52
1,2008/8/23,2010/12/31,王倩,兴业证券股份有限公司,2.58
1,2008/8/23,2009/12/31,王倩,兴业证券股份有限公司,2.03
1,2008/8/22,2008/12/31,"伍永刚,姜洋",国泰君安证券股份有限公司,1.87
1,2008/8/22,2009/12/31,"伍永刚,姜洋",国泰君安证券股份有限公司,2.43
1,2008/8/22,2010/12/31,"伍永刚,姜洋",国泰君安证券股份有限公司,3.06
1,2008/8/21,2010/12/31,尹仲胜,国盛证券有限责任公司,2.2953
1,2008/8/21,2009/12/31,袁琳,中银国际证券有限责任公司,1.79
1,2008/8/21,2009/12/31,"王逸峰,石磊",天相投资顾问有限公司,2.17
1,2008/8/21,2009/12/31,尹仲胜,国盛证券有限责任公司,2.0134
1,2008/8/21,2010/12/31,黄秋菡,第一创业证券有限责任公司,2.8
1,2008/8/21,2010/12/31,袁琳,中银国际证券有限责任公司,1.44
1,2008/8/21,2009/12/31,张继袖,渤海证券有限责任公司,2
1,2008/8/21,2008/12/31,"黄飙,谈煊",国信证券有限责任公司,1.68
1,2008/8/21,2008/12/31,程娇翼,齐鲁证券有限公司,1.71
1,2008/8/21,2008/12/31,黄秋菡,第一创业证券有限责任公司,1.77
1,2008/8/21,2008/12/31,黄凡,东莞证券有限责任公司,1.68
1,2008/8/21,2008/12/31,冯伟,国海证券有限责任公司,1.63
1,2008/8/21,2008/12/31,"王逸峰,石磊",天相投资顾问有限公司,1.69
1,2008/8/21,2008/12/31,张继袖,渤海证券有限责任公司,1.45
1,2008/8/21,2008/12/31,尹仲胜,国盛证券有限责任公司,1.664
1,2008/8/21,2008/12/31,袁琳,中银国际证券有限责任公司,1.96
1,2008/8/21,2009/12/31,"黄飙,谈煊",国信证券有限责任公司,2.05
1,2008/8/21,2009/12/31,程娇翼,齐鲁证券有限公司,2.41
1,2008/8/21,2009/12/31,黄秋菡,第一创业证券有限责任公司,2.33
1,2008/8/21,2009/12/31,冯伟,国海证券有限责任公司,2.2
1,2008/8/21,2008/12/31,刘晓昶,华泰证券股份有限公司,1.72
1,2008/8/20,2008/12/31,高源,安信证券股份有限公司,1.73
1,2008/8/20,2008/12/31,"金麟,蔡荣",光大证券股份有限公司,1.84
1,2008/8/20,2008/12/31,朱琰,中信证券股份有限公司,1.72
1,2008/8/20,2010/12/31,"金麟,蔡荣",光大证券股份有限公司,2.49
1,2008/8/20,2010/12/31,朱琰,中信证券股份有限公司,2.2
1,2008/8/20,2009/12/31,高源,安信证券股份有限公司,2.18
1,2008/8/20,2009/12/31,"金麟,蔡荣",光大证券股份有限公司,1.96
1,2008/8/20,2009/12/31,朱琰,中信证券股份有限公司,1.97
1,2008/7/31,2009/12/31,程娇翼,齐鲁证券有限公司,2.4
1,2008/7/31,2008/12/31,程娇翼,齐鲁证券有限公司,1.7
1,2008/7/25,2008/12/31,南汉馨,中原证券股份有限公司,1.71
1,2008/7/25,2009/12/31,南汉馨,中原证券股份有限公司,2.26
1,2008/6/23,2009/12/31,"黄飙,谈煊",国信证券有限责任公司,2.05
1,2008/6/23,2009/12/31,伍永刚,国泰君安证券股份有限公司,
1,2008/6/23,2008/12/31,伍永刚,国泰君安证券股份有限公司,
1,2008/6/23,2008/12/31,"黄飙,谈煊",国信证券有限责任公司,1.68
1,2008/5/20,2008/12/31,南汉馨,中原证券股份有限公司,1.17
1,2008/5/20,2009/12/31,南汉馨,中原证券股份有限公司,2.26
1,2008/5/15,2008/12/31,李双武,万联证券有限责任公司,1.7
1,2008/5/15,2008/12/31,"毛军华,罗景,范艳瑾",中国国际金融有限公司,1.61
1,2008/5/15,2008/12/31,"金麟,蔡荣",光大证券股份有限公司,1.73
1,2008/5/15,2008/12/31,李珊珊,招商证券股份有限公司,
1,2008/5/15,2009/12/31,"金麟,蔡荣",光大证券股份有限公司,2.07
1,2008/5/15,2009/12/31,"毛军华,罗景,范艳瑾",中国国际金融有限公司,2.07
1,2008/5/15,2010/12/31,"金麟,蔡荣",光大证券股份有限公司,2.49
1,2008/5/14,2008/12/31,伍永刚,国泰君安证券股份有限公司,1.87
1,2008/5/14,2009/12/31,伍永刚,国泰君安证券股份有限公司,2.43
1,2008/4/29,2008/12/31,赵君,西南证券有限责任公司,1.71
1,2008/4/29,2009/12/31,赵君,西南证券有限责任公司,2.17
1,2008/4/24,2008/12/31,"伍永刚,姜洋",国泰君安证券股份有限公司,1.87
1,2008/4/24,2008/12/31,"徐然,高钥群",北京高华证券有限责任公司,
1,2008/4/24,2009/12/31,"朱琰,黄飙,谈煊",国信证券有限责任公司,2.35
1,2008/4/24,2009/12/31,"毛军华,罗景,范艳瑾",中国国际金融有限公司,2.07
1,2008/4/24,2009/12/31,李珊珊,招商证券股份有限公司,2.24
1,2008/4/24,2010/12/31,"伍永刚,姜洋",国泰君安证券股份有限公司,3.05
1,2008/4/24,2009/12/31,"伍永刚,姜洋",国泰君安证券股份有限公司,2.43
1,2008/4/24,2008/12/31,唐亚韫,东北证券股份有限公司,1.78
1,2008/4/24,2008/12/31,"朱琰,黄飙,谈煊",国信证券有限责任公司,1.79
1,2008/4/24,2008/12/31,"符传岿,黄凡",东莞证券有限责任公司,1.62
1,2008/4/24,2008/12/31,李珊珊,招商证券股份有限公司,1.7
1,2008/4/24,2008/12/31,"毛军华,罗景,范艳瑾",中国国际金融有限公司,1.57
1,2008/3/25,2010/12/31,尹仲胜,国盛证券有限责任公司,2.527
1,2008/3/25,2009/12/31,尹仲胜,国盛证券有限责任公司,1.9898
1,2008/3/25,2008/12/31,尹仲胜,国盛证券有限责任公司,1.5792
1,2008/3/25,2008/12/31,胡建军,宏源证券股份有限公司,
1,2008/3/21,2010/12/31,王倩,兴业证券股份有限公司,2.56
1,2008/3/21,2009/12/31,"张攀,石磊",天相投资顾问有限公司,2.14
1,2008/3/21,2010/12/31,冯伟,国海证券有限责任公司,
1,2008/3/21,2008/12/31,冯伟,国海证券有限责任公司,1.7
1,2008/3/21,2008/12/31,王倩,兴业证券股份有限公司,1.51
1,2008/3/21,2009/12/31,冯伟,国海证券有限责任公司,2.29
1,2008/3/21,2009/12/31,王倩,兴业证券股份有限公司,2.02
1,2008/3/21,2008/12/31,"张攀,石磊",天相投资顾问有限公司,1.63
1,2008/3/21,2008/12/31,张景,中国民族证券有限责任公司,1.54
1,2008/3/21,2009/12/31,张景,中国民族证券有限责任公司,1.95
1,2008/3/20,2009/12/31,赵娜,东海证券有限责任公司,2.14
1,2008/3/20,2010/12/31,"金麟,蔡荣",光大证券股份有限公司,2.54
1,2008/3/20,2010/12/31,"王瑶平,黄淑玲",瑞银证券有限责任公司,3.39
1,2008/3/20,2010/12/31,袁琳,中银国际证券有限责任公司,2.3
1,2008/3/20,2009/12/31,袁琳,中银国际证券有限责任公司,2.09
1,2008/3/20,2009/12/31,"朱琰,黄飙",国信证券有限责任公司,2.35
1,2008/3/20,2009/12/31,"王瑶平,黄淑玲",瑞银证券有限责任公司,2.57
1,2008/3/20,2009/12/31,"金麟,蔡荣",光大证券股份有限公司,2
1,2008/3/20,2009/12/31,李珊珊,招商证券股份有限公司,2.26
1,2008/3/20,2008/12/31,赵娜,东海证券有限责任公司,1.65
1,2008/3/20,2008/12/31,"符传岿,黄凡",东莞证券有限责任公司,1.62
1,2008/3/20,2008/12/31,"金麟,蔡荣",光大证券股份有限公司,1.62
1,2008/3/20,2008/12/31,"朱琰,黄飙",国信证券有限责任公司,1.79
1,2008/3/20,2008/12/31,李珊珊,招商证券股份有限公司,1.7
1,2008/3/20,2007/12/31,"朱琰,黄飙",国信证券有限责任公司,
1,2008/3/20,2008/12/31,"王瑶平,黄淑玲",瑞银证券有限责任公司,1.84
1,2008/3/20,2008/12/31,袁琳,中银国际证券有限责任公司,1.76
1,2008/3/20,2008/12/31,刘晓昶,华泰证券股份有限公司,1.77
1,2008/3/20,2009/12/31,刘晓昶,华泰证券股份有限公司,2.41
1,2008/3/19,2009/12/31,高源,安信证券股份有限公司,2.25
1,2008/3/19,2008/12/31,高源,安信证券股份有限公司,1.51
1,2008/3/14,2008/12/31,陆雪,第一创业证券有限责任公司,1.53
1,2008/3/14,2008/12/31,"朱琰,黄飙",国信证券有限责任公司,2
1,2008/3/14,2009/12/31,陆雪,第一创业证券有限责任公司,2.11
1,2008/3/5,2008/12/31,伍永刚,国泰君安证券股份有限公司,1.784
1,2008/3/5,2008/12/31,"朱琰,黄飙",国信证券有限责任公司,2
1,2008/3/5,2007/12/31,陈瑾,长城证券有限责任公司,1.15
1,2008/3/5,2008/12/31,陈瑾,长城证券有限责任公司,1.58
1,2008/2/28,2007/12/31,金麟,光大证券股份有限公司,1.11
1,2008/2/28,2008/12/31,金麟,光大证券股份有限公司,1.65
1,2008/2/28,2009/12/31,金麟,光大证券股份有限公司,2.17
1,2008/1/18,2008/12/31,"李珊珊,罗毅",招商证券股份有限公司,1.71
1,2008/1/18,2009/12/31,"李珊珊,罗毅",招商证券股份有限公司,2.22
1,2008/1/18,2007/12/31,"李珊珊,罗毅",招商证券股份有限公司,1.16
1,2008/1/17,2009/12/31,"王瑶平,黄淑玲",瑞银证券有限责任公司,2.56
1,2008/1/17,2008/12/31,"王瑶平,黄淑玲",瑞银证券有限责任公司,1.84
1,2008/1/17,2007/12/31,"王瑶平,黄淑玲",瑞银证券有限责任公司,1.15
1,2007/12/24,2007/12/31,陆雪,第一创业证券有限责任公司,1.58
1,2007/12/24,2008/12/31,陆雪,第一创业证券有限责任公司,2.2
1,2007/12/18,2008/12/31,胡建军,宏源证券股份有限公司,1.64
1,2007/12/18,2007/12/31,胡建军,宏源证券股份有限公司,1.07
1,2007/12/18,2009/12/31,胡建军,宏源证券股份有限公司,2.25
1,2007/12/17,2009/12/31,"王倩,郭锐",兴业证券股份有限公司,1.87
1,2007/12/17,2008/12/31,"王倩,郭锐",兴业证券股份有限公司,1.31
1,2007/12/17,2007/12/31,"王倩,郭锐",兴业证券股份有限公司,0.89
1,2007/12/3,2007/12/31,"李珊珊,罗毅",招商证券股份有限公司,1.02
1,2007/12/3,2008/12/31,"张攀,石磊",天相投资顾问有限公司,
1,2007/12/3,2009/12/31,"李珊珊,罗毅",招商证券股份有限公司,2.19
1,2007/12/3,2008/12/31,"李珊珊,罗毅",招商证券股份有限公司,1.66
1,2007/12/3,2007/12/31,"张攀,石磊",天相投资顾问有限公司,
1,2007/12/3,2008/12/31,"范艳瑾,毛军华",中国国际金融有限公司,1.48
1,2007/12/3,2007/12/31,"朱琰,黄飙",国信证券有限责任公司,
1,2007/12/3,2008/12/31,"朱琰,黄飙",国信证券有限责任公司,
1,2007/12/3,2007/12/31,"范艳瑾,毛军华",中国国际金融有限公司,1
1,2007/12/3,2007/12/31,贺晟,长江证券股份有限公司,1.1444
1,2007/12/3,2008/12/31,贺晟,长江证券股份有限公司,2.06
1,2007/12/2,2007/12/31,高源,安信证券股份有限公司,1.08
1,2007/12/2,2008/12/31,高源,安信证券股份有限公司,1.4
1,2007/12/2,2009/12/31,高源,安信证券股份有限公司,2.27
1,2007/10/25,2009/12/31,陆雪,第一创业证券有限责任公司,2.2
1,2007/10/25,2008/12/31,陆雪,第一创业证券有限责任公司,1.58
1,2007/10/25,2007/12/31,陆雪,第一创业证券有限责任公司,1.28
1,2007/10/23,2007/12/31,陈瑾,长城证券有限责任公司,1.19
1,2007/10/23,2007/12/31,"范艳瑾,毛军华",中国国际金融有限公司,1
1,2007/10/23,2007/12/31,"励雅敏,胡浩平,姚晨曦",申银万国证券股份有限公司,1.14
1,2007/10/23,2007/12/31,"李珊珊,罗毅",招商证券股份有限公司,1.12
1,2007/10/23,2008/12/31,陈瑾,长城证券有限责任公司,1.62
1,2007/10/23,2007/12/31,"张攀,石磊",天相投资顾问有限公司,1.15
1,2007/10/23,2007/12/31,"朱琰,黄飙",国信证券有限责任公司,1.2
1,2007/10/23,2007/12/31,余晓宜,广发证券股份有限公司,1.07
1,2007/10/23,2007/12/31,"伍永刚,姜洋",国泰君安证券股份有限公司,1.1
1,2007/10/23,2007/12/31,袁琳,中银国际证券有限责任公司,1.17
1,2007/10/23,2008/12/31,"范艳瑾,毛军华",中国国际金融有限公司,1.48
1,2007/10/23,2008/12/31,"励雅敏,胡浩平,姚晨曦",申银万国证券股份有限公司,1.77
1,2007/10/23,2008/12/31,"李珊珊,罗毅",招商证券股份有限公司,1.81
1,2007/10/23,2008/12/31,"伍永刚,姜洋",国泰君安证券股份有限公司,1.66
1,2007/10/23,2008/12/31,袁琳,中银国际证券有限责任公司,1.84
1,2007/10/23,2008/12/31,"朱琰,黄飙",国信证券有限责任公司,2
1,2007/10/23,2008/12/31,余晓宜,广发证券股份有限公司,1.59
1,2007/10/23,2009/12/31,袁琳,中银国际证券有限责任公司,2.1
1,2007/10/23,2009/12/31,"伍永刚,姜洋",国泰君安证券股份有限公司,2.32
1,2007/10/23,2009/12/31,"张攀,石磊",天相投资顾问有限公司,2.33
1,2007/10/23,2009/12/31,"励雅敏,胡浩平,姚晨曦",申银万国证券股份有限公司,2.84
1,2007/10/23,2008/12/31,"张攀,石磊",天相投资顾问有限公司,1.78
1,2007/10/23,2009/12/31,余晓宜,广发证券股份有限公司,2.07
1,2007/10/23,2007/12/31,刘晓昶,华泰证券股份有限公司,1.22
1,2007/10/23,2009/12/31,刘晓昶,华泰证券股份有限公司,2.4
1,2007/10/23,2008/12/31,刘晓昶,华泰证券股份有限公司,1.8
1,2007/10/22,2009/12/31,"王倩,郭锐",兴业证券股份有限公司,2.34
1,2007/10/22,2008/12/31,"王倩,郭锐",兴业证券股份有限公司,1.59
1,2007/10/22,2008/12/31,高源,安信证券股份有限公司,1.36
1,2007/10/22,2007/12/31,"王倩,郭锐",兴业证券股份有限公司,0.93
1,2007/10/22,2007/12/31,高源,安信证券股份有限公司,1.08
1,2007/10/15,2008/12/31,"朱琰,黄飙",国信证券有限责任公司,1.87
1,2007/10/15,2007/12/31,"朱琰,黄飙",国信证券有限责任公司,1.12
1,2007/10/9,2007/12/31,"伍永刚,章锦涛",国泰君安证券股份有限公司,1.06
1,2007/10/9,2008/12/31,"伍永刚,章锦涛",国泰君安证券股份有限公司,1.6
1,2007/10/9,2009/12/31,"伍永刚,章锦涛",国泰君安证券股份有限公司,2.25
1,2007/10/8,2007/12/31,郭敏,上海证券有限责任公司,1.07
1,2007/10/8,2008/12/31,郭敏,上海证券有限责任公司,1.7
1,2007/8/17,2009/12/31,"伍永刚,章锦涛",国泰君安证券股份有限公司,
1,2007/8/17,2010/12/31,"伍永刚,章锦涛",国泰君安证券股份有限公司,
1,2007/8/17,2008/12/31,"伍永刚,章锦涛",国泰君安证券股份有限公司,
1,2007/8/17,2007/12/31,"伍永刚,章锦涛",国泰君安证券股份有限公司,
1,2007/8/16,2008/12/31,"朱琰,李珊珊",国信证券有限责任公司,
1,2007/8/16,2007/12/31,"朱琰,李珊珊",国信证券有限责任公司,
1,2007/8/15,2008/12/31,高源,安信证券股份有限公司,1.37
1,2007/8/15,2007/12/31,高源,安信证券股份有限公司,1.21
1,2007/6/20,2009/12/31,"任壮,王倩",兴业证券股份有限公司,1.95
1,2007/6/20,2008/12/31,"任壮,王倩",兴业证券股份有限公司,1.35
1,2007/6/20,2007/12/31,"任壮,王倩",兴业证券股份有限公司,0.91
1,2007/6/19,2009/12/31,伍永刚,国泰君安证券股份有限公司,1.92
1,2007/6/19,2007/12/31,伍永刚,国泰君安证券股份有限公司,0.93
1,2007/6/19,2008/12/31,伍永刚,国泰君安证券股份有限公司,1.38
1,2007/5/17,2007/12/31,"任壮,王倩",兴业证券股份有限公司,0.86
1,2007/5/16,2007/12/31,余晓宜,广发证券股份有限公司,0.86
1,2007/3/23,2009/12/31,余晓宜,广发证券股份有限公司,1.58
1,2007/3/23,2008/12/31,余晓宜,广发证券股份有限公司,1.27
1,2007/3/23,2007/12/31,余晓宜,广发证券股份有限公司,0.91
1,2007/3/22,2008/12/31,"伍永刚,章锦涛",国泰君安证券股份有限公司,1.38
1,2007/3/22,2009/12/31,"伍永刚,章锦涛",国泰君安证券股份有限公司,1.8
1,2007/3/22,2008/12/31,"胡浩平,励雅敏",申银万国证券股份有限公司,1.27
1,2007/3/22,2007/12/31,"伍永刚,章锦涛",国泰君安证券股份有限公司,1
1,2007/3/22,2007/12/31,"朱琰,李珊珊",国信证券有限责任公司,0.94
1,2007/3/22,2007/12/31,"胡浩平,励雅敏",申银万国证券股份有限公司,0.85
1,2007/2/5,2007/12/31,伍永刚,国泰君安证券股份有限公司,0.98
1,2007/2/5,2008/12/31,伍永刚,国泰君安证券股份有限公司,1.28
1,2007/2/5,2006/12/31,伍永刚,国泰君安证券股份有限公司,0.71
1,2006/11/6,2006/12/31,"何媛媛,佘闵华",中信建投证券有限责任公司,0.55
1,2006/11/6,2007/12/31,"何媛媛,佘闵华",中信建投证券有限责任公司,0.57
1,2006/11/6,2008/12/31,"何媛媛,佘闵华",中信建投证券有限责任公司,0.63
1,2006/10/27,2007/12/31,余晓宜,广发证券股份有限公司,0.63
1,2006/10/27,2008/12/31,余晓宜,广发证券股份有限公司,0.75
1,2006/10/27,2006/12/31,余晓宜,广发证券股份有限公司,0.51
1,2006/10/26,2007/12/31,范艳瑾,中国国际金融有限公司,0.72
1,2006/10/26,2006/12/31,范艳瑾,中国国际金融有限公司,0.53
1,2006/10/13,2007/12/31,伍永刚,国泰君安证券股份有限公司,0.596
1,2006/10/13,2006/12/31,伍永刚,国泰君安证券股份有限公司,0.431
1,2006/8/23,2007/12/31,余晓宜,广发证券股份有限公司,0.37
1,2006/8/23,2008/12/31,余晓宜,广发证券股份有限公司,0.44
1,2006/8/23,2006/12/31,余晓宜,广发证券股份有限公司,0.3
1,2006/8/17,2007/12/31,钱锟,长江证券有限责任公司,
1,2006/8/17,2006/12/31,钱锟,长江证券有限责任公司,
1,2006/7/4,2006/12/31,伍永刚,国泰君安证券股份有限公司,0.356
1,2006/7/4,2007/12/31,伍永刚,国泰君安证券股份有限公司,0.476
1,2006/6/15,2007/12/31,范艳瑾,中国国际金融有限公司,0.36
1,2006/6/15,2006/12/31,范艳瑾,中国国际金融有限公司,0.24
1,2006/6/12,2007/12/31,余晓宜,广发证券股份有限公司,0.27
1,2006/6/12,2006/12/31,余晓宜,广发证券股份有限公司,0.23
1,2006/6/12,2008/12/31,余晓宜,广发证券股份有限公司,0.33
1,2006/5/30,2006/12/31,唐亚韫,东北证券股份有限公司,0.24
1,2006/5/30,2007/12/31,唐亚韫,东北证券股份有限公司,0.33
1,2006/5/28,2006/12/31,伍永刚,国泰君安证券股份有限公司,0.25
1,2006/5/28,2007/12/31,伍永刚,国泰君安证券股份有限公司,0.34
1,2006/4/27,2007/12/31,余晓宜,广发证券股份有限公司,0.27
1,2006/4/27,2008/12/31,余晓宜,广发证券股份有限公司,0.33
1,2006/4/27,2006/12/31,余晓宜,广发证券股份有限公司,0.23
1,2006/4/19,2007/12/31,李文,世纪证券有限责任公司,
1,2006/4/19,2006/12/31,李文,世纪证券有限责任公司,
1,2006/4/10,2006/12/31,唐亚韫,东北证券股份有限公司,0.22
1,2006/4/10,2007/12/31,唐亚韫,东北证券股份有限公司,0.28
1,2006/4/4,2008/12/31,余晓宜,广发证券股份有限公司,0.33
1,2006/4/4,2007/12/31,余晓宜,广发证券股份有限公司,0.27
1,2006/4/4,2006/12/31,余晓宜,广发证券股份有限公司,0.23
1,2006/3/8,2006/12/31,杨青丽,中信证券股份有限公司,
1,2006/3/8,2005/12/31,杨青丽,中信证券股份有限公司,
1,2006/2/22,2005/12/31,罗毅,招商证券股份有限公司,
1,2006/2/22,2006/12/31,罗毅,招商证券股份有限公司,
1,2006/2/14,2005/12/31,"何媛媛,佘闵华",中信建投证券有限责任公司,
1,2006/1/11,2005/12/31,李文,世纪证券有限责任公司,
1,2006/1/11,2006/12/31,李文,世纪证券有限责任公司,
1,2005/11/6,2008/12/31,"何媛媛,佘闵华",中信建投证券有限责任公司,0.63
1,2005/11/6,2007/12/31,"何媛媛,佘闵华",中信建投证券有限责任公司,0.57
1,2005/11/6,2006/12/31,"何媛媛,佘闵华",中信建投证券有限责任公司,0.55
1,2005/11/1,2007/12/31,余晓宜,广发证券股份有限公司,0.25
1,2005/11/1,2006/12/31,余晓宜,广发证券股份有限公司,0.23
1,2005/11/1,2005/12/31,余晓宜,广发证券股份有限公司,0.21
1,2005/9/29,2006/12/31,佘闵华,华夏证券股份有限公司,0.25
1,2005/9/29,2005/12/31,佘闵华,华夏证券股份有限公司,0.18
1,2005/8/19,2005/12/31,刘晓昶,华泰证券股份有限公司,0.17
1,2005/8/19,2006/12/31,刘晓昶,华泰证券股份有限公司,0.21
1,2005/8/19,2007/12/31,刘晓昶,华泰证券股份有限公司,0.26
1,2005/7/31,2007/12/31,余晓宜,广发证券股份有限公司,0.27
1,2005/7/31,2005/12/31,余晓宜,广发证券股份有限公司,0.09
1,2005/7/31,2006/12/31,余晓宜,广发证券股份有限公司,0.17
1,2005/5/9,2007/12/31,朱琰,国信证券有限责任公司,0.15
1,2005/5/9,2006/12/31,朱琰,国信证券有限责任公司,0.13
1,2005/5/9,2005/12/31,朱琰,国信证券有限责任公司,0.09
1,2004/8/18,2006/12/31,王,宏源证券股份有限公司,0.23
1,2004/8/18,2005/12/31,王,宏源证券股份有限公司,0.19
1,2004/8/18,2004/12/31,王,宏源证券股份有限公司,0.24
1,2004/6/29,2004/12/31,伍永刚,国泰君安证券股份有限公司,0.217
1,2004/6/29,2005/12/31,伍永刚,国泰君安证券股份有限公司,0.28
1,2004/4/15,2004/12/31,励雅敏,申银万国证券股份有限公司,0.18
1,2004/4/15,2005/12/31,励雅敏,申银万国证券股份有限公司,0.21
1,2004/4/15,2005/12/31,伍永刚,国泰君安证券股份有限公司,0.298
1,2004/4/15,2004/12/31,伍永刚,国泰君安证券股份有限公司,0.246
1,2004/3/29,2004/12/31,余晓宜,广发证券股份有限公司,0.2
1,2003/6/4,2003/12/31,张耕耘,中信证券股份有限公司,0.28
1,2003/4/4,2003/12/31,秦月星,南方证券股份有限公司,0.29
1,2002/7/18,2002/12/31,杨青丽,国泰君安证券股份有限公司,0.301
1,2002/6/28,2002/12/31,贾祖国,大鹏证券有限责任公司,0.2
